,naive_TH,CD137pos_CD154neg_naive_TH,CD137neg_CD154pos_naive_TH,CD137pos_CD154pos_naive_TH,memory_TH,CD137pos_CD154neg_memory_TH,CD137neg_CD154pos_memory_TH,CD137pos_CD154pos_memory_TH,naive_TFH,CD137pos_CD154neg_naive_TFH,CD137neg_CD154pos_naive_TFH,CD137pos_CD154pos_naive_TFH,memory_TFH,CD137pos_CD154neg_memory_TFH,CD137neg_CD154pos_memory_TFH,CD137pos_CD154pos_memory_TFH,CD45RApos_Treg,CD137pos_CD154neg_CD45RApos_Treg,CD137neg_CD154pos_CD45RApos_Treg,CD137pos_CD154pos_CD45RApos_Treg,CD45RAneg_Treg,CD137pos_CD154neg_CD45RAneg_Treg,CD137neg_CD154pos_CD45RAneg_Treg,CD137pos_CD154pos_CD45RAneg_Treg,CD45RApos_TFR,CD137pos_CD154neg_CD45RApos_TFR,CD137neg_CD154pos_CD45RApos_TFR,CD137pos_CD154pos_CD45RApos_TFR,CD45RAneg_TFR,CD137pos_CD154neg_CD45RAneg_TFR,CD137neg_CD154pos_CD45RAneg_TFR,CD137pos_CD154pos_CD45RAneg_TFR
Compensation Controls_CD3 Alexa Fluor 430 Stained Control.fcs,,,,,,,,,,,,,,,,,,,,,,,,,,,,,,,,
Compensation Controls_CD4 PerCP-Cy5-5 Stained Control.fcs,,,,,,,,,,,,,,,,,,,,,,,,,,,,,,,,
"Compensation Controls_CD8,2f,Viability APC-Cy7 Stained Control.fcs",,,,,,,,,,,,,,,,,,,,,,,,,,,,,,,,
Compensation Controls_CD25 Pacific Blue Stained Control.fcs,,,,,,,,,,,,,,,,,,,,,,,,,,,,,,,,
Compensation Controls_CD45RA FITC Stained Control.fcs,,,,,,,,,,,,,,,,,,,,,,,,,,,,,,,,
Compensation Controls_CD127 BV786 Stained Control.fcs,,,,,,,,,,,,,,,,,,,,,,,,,,,,,,,,
Compensation Controls_CD137 PE Stained Control.fcs,,,,,,,,,,,,,,,,,,,,,,,,,,,,,,,,
Compensation Controls_CD154 APC Stained Control.fcs,,,,,,,,,,,,,,,,,,,,,,,,,,,,,,,,
Compensation Controls_CXCR5 PE-Cy7 Stained Control.fcs,,,,,,,,,,,,,,,,,,,,,,,,,,,,,,,,
H02_NC_Time_Point_0_CD4 T cells.fcs,306109,151,147,9,120510,50,53,10,11914,6,6,0,52220,23,22,5,19480,9,9,1,14690,8,7,0,3287,2,2,0,1524,1,1,0
H02_HBsAg_Time_Point_0_CD4 T cells.fcs,393965,227,162,14,149418,63,106,12,14496,15,23,0,64443,44,62,12,24426,27,11,1,17520,13,9,0,4034,16,10,1,1945,0,3,1
H03_NC_Time_Point_0_CD4 T cells.fcs,225634,109,99,13,129605,59,59,6,9312,4,5,0,23433,12,11,0,13419,7,7,0,18368,8,10,0,1576,1,1,0,834,0,0,0
H03_HBsAg_Time_Point_0_CD4 T cells.fcs,272355,197,91,15,152677,133,131,9,11355,20,4,2,29657,28,20,1,16160,18,23,0,21316,22,11,0,2068,1,4,0,1087,0,0,0
H04_NC_Time_Point_0_CD4 T cells.fcs,98265,46,47,2,214189,96,99,11,10257,6,5,0,47875,22,20,3,5032,1,1,1,20182,10,10,0,968,0,0,0,902,0,0,0
H04_HBsAg_Time_Point_0_CD4 T cells.fcs,101515,78,47,0,214023,107,167,16,10367,5,5,0,51773,51,23,3,4938,7,3,0,20117,12,23,0,1143,4,4,0,1020,0,2,0
H06_NC_Time_Point_0_CD4 T cells.fcs,162374,76,72,8,184931,83,87,3,10922,4,3,1,52833,24,24,2,5706,4,3,0,14751,7,8,0,1046,0,0,0,1157,0,0,0
H06_HBsAg_Time_Point_0_CD4 T cells.fcs,179438,110,83,6,199658,110,103,6,14742,13,8,0,57161,54,23,1,7042,1,3,1,15487,6,4,0,1286,0,5,0,1371,0,1,0
H07_NC_Time_Point_0_CD4 T cells.fcs,231706,105,100,14,155764,70,74,6,11530,6,5,0,34247,15,15,2,10885,5,5,0,11647,6,6,0,1623,1,1,0,922,0,0,0
H07_HBsAg_Time_Point_0_CD4 T cells.fcs,197546,130,72,8,131409,52,54,8,10581,12,3,2,29696,9,18,4,9258,3,2,0,9225,8,4,1,1473,1,3,0,777,0,1,1
H08_NC_Time_Point_0_CD4 T cells.fcs,226317,105,114,3,146764,70,74,0,6733,2,3,0,20703,8,8,2,10515,4,4,1,20421,11,10,0,593,0,0,0,609,0,0,0
H08_HBsAg_Time_Point_0_CD4 T cells.fcs,234828,187,118,3,149095,88,149,5,6216,9,2,0,19651,12,29,1,10716,28,19,5,19918,10,28,2,570,0,2,0,509,1,1,0
H10_NC_Time_Point_0_CD4 T cells.fcs,356525,167,159,15,82152,35,33,9,6273,2,2,1,13625,4,4,3,9397,3,3,2,9445,5,6,0,398,0,0,0,244,0,0,0
H10_HBsAg_Time_Point_0_CD4 T cells.fcs,4.53E+05,332,208,24,107732,67,41,10,7676,17,11,1,16679,4,5,1,11570,2,9,0,11364,12,5,2,594,8,1,0,318,3,0,0
H11_NC_Time_Point_0_CD4 T cells.fcs,204060,102,92,3,172899,78,76,7,7675,4,4,0,19027,10,9,0,9841,4,4,1,21231,10,10,1,750,0,0,0,586,0,0,0
H11_HBsAg_Time_Point_0_CD4 T cells.fcs,269281,138,123,3,220180,88,124,13,8092,11,6,0,22302,16,12,0,12460,6,5,0,26093,3,26,1,939,1,2,0,706,1,1,0
H13_NC_Time_Point_0_CD4 T cells.fcs,368711,176,178,4,184142,78,78,16,18136,9,9,0,43492,18,18,4,17478,9,9,0,19390,8,8,1,1001,0,0,0,714,0,0,0
H13_HBsAg_Time_Point_0_CD4 T cells.fcs,4.37E+05,319,196,5,219803,99,179,21,19103,11,8,1,49592,25,38,8,20426,15,6,2,23017,21,10,0,1199,3,1,0,841,0,3,1
H14_NC_Time_Point_0_CD4 T cells.fcs,217487,108,109,8,46195,20,19,3,3546,1,1,1,5440,2,2,1,5890,2,3,0,8314,4,4,0,193,0,0,0,124,0,0,0
H14_HBsAg_Time_Point_0_CD4 T cells.fcs,274358,248,141,22,59138,31,40,7,3980,9,5,3,6988,2,4,1,8480,7,5,0,10734,2,18,0,250,2,0,0,157,0,3,0
H17_NC_Time_Point_0_CD4 T cells.fcs,154015,75,73,1,96701,42,43,6,3259,2,2,0,11973,7,6,0,5470,2,3,0,11761,6,6,0,300,0,0,0,237,0,0,0
H17_HBsAg_Time_Point_0_CD4 T cells.fcs,214665,146,124,5,133480,81,69,7,5510,2,3,0,16342,8,7,0,6719,17,0,1,13000,14,12,0,513,3,3,0,326,0,1,0
H18_NC_Time_Point_0_CD4 T cells.fcs,142261,71,71,1,68619,30,31,3,3585,2,1,0,8912,5,4,0,4210,2,2,0,7957,4,4,0,413,0,0,0,340,0,0,0
H18_HBsAg_Time_Point_0_CD4 T cells.fcs,184345,135,99,1,88229,40,78,0,4249,10,8,0,11722,6,12,4,5317,14,2,0,9417,9,5,0,573,0,0,0,395,0,0,0
H19_NC_Time_Point_0_CD4 T cells.fcs,61621,30,29,1,63966,30,30,1,2351,1,1,0,9125,5,5,0,3545,2,2,0,8776,4,4,0,291,0,0,0,292,0,0,0
H19_HBsAg_Time_Point_0_CD4 T cells.fcs,165367,121,47,4,154039,38,153,17,6136,0,32,1,23492,7,21,0,9492,16,3,2,20106,36,21,1,1143,8,9,1,842,12,7,1
H20_NC_Time_Point_0_CD4 T cells.fcs,282831,143,141,4,153785,70,77,5,12170,8,6,0,38960,17,18,2,12050,5,6,0,16754,8,8,0,1908,1,1,0,1605,1,1,0
H20_HBsAg_Time_Point_0_CD4 T cells.fcs,206972,40,136,5,148519,42,174,3,3652,1,5,0,28963,12,30,4,7239,8,5,0,13630,6,15,0,781,1,2,0,1116,4,3,0
H21_NC_Time_Point_0_CD4 T cells.fcs,153009,74,76,2,103744,46,49,3,4309,2,2,0,15057,6,6,2,5126,2,3,0,7650,4,4,0,382,0,0,0,294,0,0,0
H21_HBsAg_Time_Point_0_CD4 T cells.fcs,216811,228,155,4,149026,89,180,1,7307,4,3,2,21751,7,20,0,6874,9,5,0,10407,5,23,0,674,0,1,0,377,5,1,0
H22_NC_Time_Point_0_CD4 T cells.fcs,4.45E+05,213,215,8,74727,33,33,3,6071,3,3,0,16624,9,8,0,12428,6,6,0,9998,5,4,0,559,0,0,0,554,0,0,0
H22_PC_Time_Point_0_CD4 T cells.fcs,81283,110,67366,365,10149,57,6706,36,1620,4,1496,17,3753,8,3086,23,7994,10,6105,1,3585,56,1437,0,782,0,537,0,1029,0,656,0
H22_HBsAg_Time_Point_0_CD4 T cells.fcs,4.38E+05,288,229,13,74390,38,29,5,8083,14,9,0,16285,11,9,0,12075,15,4,0,9080,11,17,0,605,0,0,0,579,0,1,0
H23_NC_Time_Point_0_CD4 T cells.fcs,237533,112,110,10,122836,49,54,7,5871,2,2,1,20072,8,8,2,13390,7,7,0,15706,7,7,0,1259,1,1,0,615,0,0,0
H23_HBsAg_Time_Point_0_CD4 T cells.fcs,211686,91,106,6,107679,63,84,2,5476,3,3,0,17958,9,11,1,11122,10,4,0,12780,16,11,0,1353,8,0,1,587,2,1,0
H24_NC_Time_Point_0_CD4 T cells.fcs,204485,101,100,0,101213,50,50,1,10257,6,4,0,23136,11,11,1,7838,5,4,0,7911,4,4,0,724,0,0,0,249,0,0,0
H24_PC_Time_Point_0_CD4 T cells.fcs,97651,121,88980,1632,35624,118,29629,1277,4032,10,3731,67,9582,27,8572,475,5402,23,4462,15,4593,158,2695,12,617,1,483,0,637,1,474,0
H24_HBsAg_Time_Point_0_CD4 T cells.fcs,208907,87,92,3,98561,49,62,1,9758,4,3,0,23406,11,6,2,7773,7,0,0,8031,4,5,0,785,2,0,0,272,1,2,1
H25_NC_Time_Point_0_CD4 T cells.fcs,155670,78,76,0,51813,25,27,0,2500,1,1,0,9185,3,4,1,10735,6,5,0,7838,3,4,0,372,0,0,0,406,0,0,0
H25_HBsAg_Time_Point_0_CD4 T cells.fcs,218460,274,124,6,70495,40,136,3,3490,0,1,0,12168,9,9,1,15840,46,5,1,10249,7,16,0,639,0,1,1,492,3,5,1
H26_NC_Time_Point_0_CD4 T cells.fcs,240834,107,115,5,188229,90,82,9,10564,5,5,0,26026,12,11,2,8593,4,4,0,25562,13,13,1,1675,1,1,0,812,0,0,0
H26_HBsAg_Time_Point_0_CD4 T cells.fcs,119847,45,70,3,107787,60,36,4,3554,1,0,0,14912,8,17,1,4188,0,0,0,14603,4,6,0,711,3,1,0,573,0,1,0
H28_NC_Time_Point_0_CD4 T cells.fcs,112944,51,51,5,72326,31,33,4,3156,2,1,0,15701,7,7,0,2822,1,1,0,5533,3,3,0,438,0,0,0,502,0,0,0
H28_HBsAg_Time_Point_0_CD4 T cells.fcs,138323,83,46,5,90323,38,35,5,3911,5,3,0,19662,15,15,3,3524,2,4,0,6666,12,5,0,529,1,3,0,581,2,0,0
H29_NC_Time_Point_0_CD4 T cells.fcs,112825,49,50,6,104836,50,46,4,6253,2,3,0,28579,15,13,1,5608,3,3,0,13805,7,6,1,800,0,0,0,498,0,0,0
H29_HBsAg_Time_Point_0_CD4 T cells.fcs,163104,142,95,12,156451,102,181,13,8958,13,5,0,40422,21,41,4,8381,4,56,1,18769,10,13,2,1176,6,9,1,745,0,1,0
H30_NC_Time_Point_0_CD4 T cells.fcs,234644,109,111,10,197922,98,90,5,7907,4,4,0,31537,15,16,0,4982,2,2,0,14648,7,7,0,490,0,0,0,648,0,0,0
H30_HBsAg_Time_Point_0_CD4 T cells.fcs,193713,139,65,2,163365,63,80,4,7629,5,6,0,25620,15,11,0,3949,12,4,0,11522,11,4,0,423,1,2,0,484,0,0,0
H31_NC_Time_Point_0_CD4 T cells.fcs,183072,89,90,2,107218,53,52,3,5162,3,3,0,12693,5,5,1,6180,3,3,0,9161,5,5,0,290,0,0,0,189,0,0,0
H31_PC_Time_Point_0_CD4 T cells.fcs,98557,142,79675,426,52737,347,35939,1375,2601,7,1449,8,8656,81,5673,133,6516,6,3409,2,10514,45,2852,3,508,1,234,0,815,0,283,0
H31_HBsAg_Time_Point_0_CD4 T cells.fcs,174804,116,82,4,101158,32,51,4,4728,3,1,0,11894,8,7,1,5582,9,6,0,7836,2,5,0,285,1,0,0,144,1,1,0
H32_NC_Time_Point_0_CD4 T cells.fcs,41377,21,19,1,186797,90,89,9,3294,2,2,0,44535,19,21,2,1683,1,1,0,7904,4,4,0,406,0,0,0,644,0,0,0
H32_HBsAg_Time_Point_0_CD4 T cells.fcs,46548,76,23,2,208509,148,188,24,3516,2,4,0,50488,37,43,5,2003,12,1,0,8588,27,7,0,440,1,2,0,649,0,0,0
H33_NC_Time_Point_0_CD4 T cells.fcs,218845,100,109,2,177369,71,71,14,12767,5,6,1,48100,18,19,5,10175,5,5,0,22186,11,11,0,1535,1,1,0,2576,1,1,0
H33_HBsAg_Time_Point_0_CD4 T cells.fcs,257084,146,138,4,214299,121,132,23,13549,8,9,0,56730,29,18,3,11570,4,6,1,26012,5,30,0,1568,5,1,0,2794,6,6,1
H34_NC_Time_Point_0_CD4 T cells.fcs,193250,92,95,5,34940,16,16,2,7849,4,4,0,3409,2,2,0,9203,4,4,1,5738,3,3,0,462,0,0,0,42,0,0,0
H34_HBsAg_Time_Point_0_CD4 T cells.fcs,373312,283,181,15,69270,41,77,2,16576,27,15,1,6407,4,2,1,17671,11,17,1,10874,3,5,1,1039,5,2,1,87,5,0,1
H35_NC_Time_Point_0_CD4 T cells.fcs,364441,173,172,10,142752,62,67,6,10223,4,4,1,29037,13,13,2,8638,4,3,1,19167,10,10,0,913,0,0,0,754,0,1,0
H35_HBsAg_Time_Point_0_CD4 T cells.fcs,5.03E+05,352,218,18,198939,72,77,4,9878,6,3,0,33807,12,9,3,12401,6,10,1,26706,11,6,2,952,0,0,0,885,0,2,0
H36_NC_Time_Point_0_CD4 T cells.fcs,4.44E+05,211,208,15,92269,42,42,4,9017,4,5,0,13013,4,4,3,21647,10,9,2,13864,5,6,1,438,0,0,0,138,0,0,0
H36_PC_Time_Point_0_CD4 T cells.fcs,219924,680,196137,5881,49206,507,37229,3360,4885,15,4415,159,9461,63,7603,637,25143,62,15222,14,18178,133,6867,0,1699,0,1358,0,2244,0,1408,0
H36_HBsAg_Time_Point_0_CD4 T cells.fcs,4.58E+05,305,201,17,101414,33,49,2,9930,8,11,2,14052,4,2,2,22009,3,15,0,14355,7,10,1,520,2,3,1,176,0,5,1
H38_NC_Time_Point_0_CD4 T cells.fcs,245875,117,115,6,163115,79,79,6,9051,4,5,0,45659,22,21,1,5552,3,2,0,10210,4,4,1,538,0,0,0,527,0,0,0
H38_HBsAg_Time_Point_0_CD4 T cells.fcs,245672,150,113,11,156849,76,132,19,9166,8,13,0,41950,30,29,8,5333,9,6,0,9139,13,12,1,509,8,5,1,479,0,0,0
H39_NC_Time_Point_0_CD4 T cells.fcs,291037,135,135,11,93129,48,45,0,6634,3,3,0,7023,4,4,0,7253,4,4,0,9101,5,5,0,489,0,0,0,152,0,0,0
H39_HBsAg_Time_Point_0_CD4 T cells.fcs,334065,168,157,14,106033,45,52,5,8581,0,6,0,9390,0,2,0,8711,7,3,1,10303,16,6,0,624,3,0,0,188,1,0,0
H40_NC_Time_Point_0_CD4 T cells.fcs,330581,161,163,7,158166,78,76,2,6333,3,3,0,21003,8,10,1,8345,4,4,0,9529,5,5,0,322,0,0,0,355,0,0,0
H40_HBsAg_Time_Point_0_CD4 T cells.fcs,283633,255,142,8,135784,58,96,10,5345,4,2,1,17120,14,13,4,6960,3,4,0,7735,3,1,0,291,2,2,0,258,4,0,0
H41_NC_Time_Point_0_CD4 T cells.fcs,215302,107,101,4,82826,42,39,2,4010,2,2,0,8332,3,3,1,9439,4,5,0,13190,4,5,2,591,0,0,0,289,0,0,0
H41_HBsAg_Time_Point_0_CD4 T cells.fcs,217293,213,86,4,80118,34,74,2,5083,5,1,0,8314,5,12,1,10234,13,11,0,12692,13,21,0,599,6,0,1,314,4,0,0
H42_NC_Time_Point_0_CD4 T cells.fcs,154891,77,72,2,139821,62,65,7,5130,3,3,0,27228,11,11,2,6002,3,2,0,10501,5,5,0,568,0,0,0,394,0,0,0
H42_HBsAg_Time_Point_0_CD4 T cells.fcs,134445,97,49,3,117207,63,79,14,7824,7,7,0,30847,25,11,2,5377,11,2,0,8867,2,7,0,772,0,0,0,583,3,2,0
H02_NC_Time_Point_60_CD4 T cells.fcs,362803,165,179,11,112394,55,55,1,6969,3,4,0,21478,11,11,0,26615,12,16,0,17059,9,8,0,1876,1,1,0,702,0,0,0
H02_HBsAg_Time_Point_60_CD4 T cells.fcs,355233,171,150,11,103765,45,58,11,7280,9,7,0,20148,15,17,1,24426,23,14,2,14470,17,4,0,1882,9,8,0,616,3,2,0
H03_NC_Time_Point_60_CD4 T cells.fcs,200333,98,92,6,99875,53,51,0,7534,2,3,1,18651,7,7,2,11490,5,5,1,17477,7,8,1,1256,1,1,0,608,0,0,0
H03_HBsAg_Time_Point_60_CD4 T cells.fcs,201477,174,85,9,96956,76,92,15,7848,6,6,1,18104,9,16,2,11192,12,8,1,16531,8,34,3,1394,4,11,3,630,4,5,0
H04_NC_Time_Point_60_CD4 T cells.fcs,119504,57,57,0,249598,124,118,9,11123,6,6,0,54836,25,26,3,4912,2,2,0,23249,13,12,0,971,0,0,0,1024,0,0,0
H04_HBsAg_Time_Point_60_CD4 T cells.fcs,127564,119,69,6,261355,194,176,21,14063,10,5,1,58483,28,37,3,5223,0,6,1,23428,27,18,1,1290,0,1,0,1045,2,3,0
H06_NC_Time_Point_60_CD4 T cells.fcs,106254,49,51,4,96260,44,43,3,4440,2,2,0,16260,7,7,1,5190,2,2,1,11697,5,6,0,326,0,0,0,460,0,0,0
H06_HBsAg_Time_Point_60_CD4 T cells.fcs,131993,91,52,7,124098,76,98,12,6464,15,4,0,22155,11,7,4,5902,23,5,1,12499,3,7,0,469,0,1,0,588,0,1,0
H07_NC_Time_Point_60_CD4 T cells.fcs,169039,66,70,16,149615,66,67,7,6793,2,2,1,30263,12,12,3,7796,4,4,0,12382,5,5,1,1263,1,1,0,953,0,0,0
H07_HBsAg_Time_Point_60_CD4 T cells.fcs,241970,181,75,18,228266,87,210,25,11165,7,5,0,47376,23,23,5,11004,5,13,0,17319,25,12,3,1916,13,2,0,1494,2,1,1
H08_NC_Time_Point_60_CD4 T cells.fcs,141812,72,67,3,62204,28,26,5,2804,0,0,1,7799,2,3,1,6430,2,2,1,8509,4,4,0,311,0,0,0,210,0,0,0
H08_HBsAg_Time_Point_60_CD4 T cells.fcs,205627,139,92,11,97537,79,169,14,4122,6,4,0,11953,2,29,0,8893,4,6,0,12717,2,11,0,554,9,6,2,330,1,4,0
H10_NC_Time_Point_60_CD4 T cells.fcs,4.20E+05,189,192,13,88520,35,36,8,7756,3,3,0,14135,6,7,1,14066,5,6,1,14298,7,7,0,640,0,0,0,299,0,0,0
H10_HBsAg_Time_Point_60_CD4 T cells.fcs,4.83E+05,321,255,22,106793,80,165,54,7714,8,11,1,14983,7,11,3,15034,19,16,8,15962,28,41,1,604,4,2,2,281,5,4,2
H11_NC_Time_Point_60_CD4 T cells.fcs,215825,109,107,2,158435,72,80,3,7140,4,4,0,22542,10,10,1,10344,5,5,0,21685,9,9,1,774,0,0,0,564,0,0,0
H11_HBsAg_Time_Point_60_CD4 T cells.fcs,280177,173,102,3,193087,104,166,11,8052,7,5,1,25407,15,21,1,13326,23,9,1,25402,24,18,0,943,3,3,0,727,2,1,0
H13_NC_Time_Point_60_CD4 T cells.fcs,375819,182,185,7,160153,72,73,8,19919,11,10,0,37971,17,17,2,17406,9,9,0,16708,8,8,0,955,0,0,0,626,0,0,0
H13_HBsAg_Time_Point_60_CD4 T cells.fcs,4.29E+05,272,227,22,191868,134,310,55,22388,16,19,1,45095,54,25,7,19248,28,12,4,18816,40,36,1,1195,4,1,0,689,5,6,2
H14_NC_Time_Point_60_CD4 T cells.fcs,269815,122,121,16,45432,22,23,0,4687,2,2,0,6279,3,3,0,8334,3,3,1,10201,5,5,0,276,0,0,0,99,0,0,0
H14_HBsAg_Time_Point_60_CD4 T cells.fcs,262189,196,114,14,45081,18,44,4,4834,7,1,0,5670,2,3,0,8343,13,14,3,9649,7,4,3,260,1,12,1,91,0,0,0
H17_NC_Time_Point_60_CD4 T cells.fcs,365609,185,180,6,112422,48,47,11,7588,3,4,0,13442,6,5,1,24265,13,13,0,13421,7,8,0,978,0,0,0,349,0,0,0
H17_HBsAg_Time_Point_60_CD4 T cells.fcs,397614,250,224,30,125029,89,116,31,7674,8,13,3,14952,15,19,5,26689,28,15,3,14079,61,29,17,1031,0,8,0,310,0,3,1
H18_NC_Time_Point_60_CD4 T cells.fcs,216701,106,106,2,74799,36,36,1,4153,2,2,0,9265,4,5,0,6000,3,3,0,10095,4,5,0,358,0,0,0,251,0,0,0
H18_HBsAg_Time_Point_60_CD4 T cells.fcs,258486,168,114,5,84882,68,127,8,5617,6,4,1,11141,8,8,1,7175,13,12,1,10523,37,28,2,506,0,3,0,314,0,0,0
H19_NC_Time_Point_60_CD4 T cells.fcs,180428,87,84,7,163285,71,71,10,5805,3,3,0,21780,11,11,0,14052,5,6,1,21452,11,10,1,975,0,0,0,948,0,0,0
H19_HBsAg_Time_Point_60_CD4 T cells.fcs,253353,182,66,2,237044,130,176,17,7030,15,2,1,31072,6,21,5,18406,31,10,1,28914,61,27,5,1073,0,3,0,973,0,3,0
H20_NC_Time_Point_60_CD4 T cells.fcs,280840,121,118,24,102256,52,49,2,7588,2,2,2,16608,8,9,0,11467,4,5,1,10559,5,5,0,944,0,0,0,641,0,0,0
H20_HBsAg_Time_Point_60_CD4 T cells.fcs,330682,187,126,28,129941,71,191,20,7993,7,8,2,19172,12,33,11,12686,19,15,0,11739,53,20,2,882,1,4,1,520,0,2,0
H21_NC_Time_Point_60_CD4 T cells.fcs,218866,107,103,6,151945,77,75,3,6090,3,3,0,15889,6,8,0,7020,2,2,1,8946,4,4,0,305,0,0,0,192,0,0,0
H21_HBsAg_Time_Point_60_CD4 T cells.fcs,281850,199,110,10,194963,141,127,10,7177,7,3,0,19717,13,18,1,8417,13,5,1,10423,11,11,1,389,8,1,0,203,1,2,0
H22_NC_Time_Point_60_CD4 T cells.fcs,133256,64,61,5,21112,11,10,0,735,1,1,0,1595,1,1,0,3311,2,2,0,2070,1,1,0,28,0,0,0,31,0,0,0
H22_HBsAg_Time_Point_60_CD4 T cells.fcs,367600,240,195,24,65889,18,93,3,2488,2,3,0,5599,22,15,2,8247,27,21,2,5496,2,18,0,106,1,12,3,82,4,5,3
H23_NC_Time_Point_60_CD4 T cells.fcs,4.63E+05,202,192,29,175097,77,80,9,10540,4,4,1,38527,18,18,1,22105,11,9,1,21347,9,10,1,2172,1,2,0,1132,1,1,0
H23_PC_Time_Point_60_CD4 T cells.fcs,149747,384,139679,1659,50640,342,35338,363,4000,19,3592,33,13994,60,11780,100,15841,12,11547,1,9326,67,2557,0,2038,1,1070,0,1905,0,955,0
H23_HBsAg_Time_Point_60_CD4 T cells.fcs,4.60E+05,298,208,33,175861,83,160,44,10915,9,10,4,37762,24,45,11,22499,31,22,2,20218,32,36,0,2202,7,3,1,1023,5,2,0
H24_NC_Time_Point_60_CD4 T cells.fcs,186924,89,92,0,144266,71,71,3,11769,6,5,1,33913,15,14,3,5184,2,2,0,8711,5,5,0,657,0,0,0,331,0,0,0
H24_HBsAg_Time_Point_60_CD4 T cells.fcs,220745,296,140,3,174458,80,197,19,12378,24,10,0,35806,18,37,3,6302,23,2,1,10311,7,14,1,721,1,1,0,304,0,1,0
H25_NC_Time_Point_60_CD4 T cells.fcs,287668,141,133,5,80547,39,41,1,5136,2,2,1,14355,5,5,2,16453,7,6,2,10247,5,5,0,652,0,0,0,554,0,0,0
H25_HBsAg_Time_Point_60_CD4 T cells.fcs,247801,221,122,2,73278,39,95,1,4822,4,1,1,12976,8,12,1,13823,14,8,0,8324,4,4,1,719,5,0,0,413,3,2,0
H26_NC_Time_Point_60_CD4 T cells.fcs,234790,101,110,13,212810,89,95,11,10627,4,4,1,30069,15,15,0,7076,4,4,0,21469,11,11,0,1605,1,1,0,1053,1,0,0
H26_HBsAg_Time_Point_60_CD4 T cells.fcs,227854,146,146,14,210172,98,107,11,11279,12,17,2,29112,13,18,2,7530,6,5,0,20776,19,12,0,1577,1,1,0,1129,8,6,0
H28_NC_Time_Point_60_CD4 T cells.fcs,102689,49,49,3,60800,29,28,2,2938,1,1,0,14274,5,5,2,2012,1,1,0,4924,2,2,0,309,0,0,0,324,0,0,0
H28_HBsAg_Time_Point_60_CD4 T cells.fcs,153375,143,64,8,94248,157,218,51,4101,6,9,3,22302,30,21,7,3116,26,8,3,7025,28,130,4,447,17,2,4,675,6,14,0
H29_NC_Time_Point_60_CD4 T cells.fcs,117473,51,52,8,123183,54,55,5,5613,3,3,0,29864,13,13,2,5819,3,3,0,18254,8,8,1,612,0,0,0,522,0,0,0
H29_HBsAg_Time_Point_60_CD4 T cells.fcs,109813,96,48,9,115812,83,166,18,6049,8,3,1,27458,17,22,3,5877,21,6,2,15720,14,13,2,621,2,1,1,453,0,1,0
H30_NC_Time_Point_60_CD4 T cells.fcs,259615,113,116,13,225077,101,104,11,9494,3,3,2,37395,15,16,3,6483,3,3,0,20331,10,8,2,598,0,0,0,939,0,0,0
H30_HBsAg_Time_Point_60_CD4 T cells.fcs,190879,186,103,18,173256,107,210,23,5961,4,4,3,20719,15,30,10,1189,0,2,0,3440,0,2,2,89,0,0,0,61,0,0,0
H31_NC_Time_Point_60_CD4 T cells.fcs,261282,125,123,7,158804,72,67,11,6867,3,3,0,22755,9,10,1,9759,5,5,0,12586,7,6,0,370,0,0,0,235,0,0,0
H31_HBsAg_Time_Point_60_CD4 T cells.fcs,234503,186,81,18,145645,194,186,43,5992,9,3,2,20477,23,8,5,8667,18,20,12,10602,31,81,26,275,0,2,1,211,8,0,6
H32_NC_Time_Point_60_CD4 T cells.fcs,79956,38,36,4,319983,127,122,34,5852,2,2,1,88432,38,36,8,4130,2,2,0,17738,9,8,0,850,0,0,0,1417,1,1,0
H32_HBsAg_Time_Point_60_CD4 T cells.fcs,69691,78,51,8,279166,608,276,114,6100,3,1,0,72889,150,44,24,4020,1,6,0,16038,32,118,4,851,2,0,0,1378,5,5,0
H33_NC_Time_Point_60_CD4 T cells.fcs,225957,110,109,6,154916,71,75,5,12048,7,6,0,35289,16,16,2,8528,4,5,0,17086,10,8,0,732,0,0,0,1353,1,1,0
H33_PC_Time_Point_60_CD4 T cells.fcs,107030,222,87972,229,62258,515,40397,1164,10359,27,8242,62,25508,302,13641,313,11420,6,8804,3,18550,52,8100,1,3445,0,2397,1,6718,3,3007,0
H33_HBsAg_Time_Point_60_CD4 T cells.fcs,249912,180,121,8,184211,99,132,30,16025,18,9,4,43408,55,18,6,9388,8,21,4,17976,36,40,0,1187,2,3,0,1735,2,11,0
H34_NC_Time_Point_60_CD4 T cells.fcs,260884,123,127,3,83086,40,40,3,12477,5,5,1,11404,4,4,2,10666,4,4,1,11030,4,5,1,747,0,0,0,159,0,0,0
H34_HBsAg_Time_Point_60_CD4 T cells.fcs,276925,308,186,16,87046,77,123,14,13188,8,17,2,10719,3,9,2,12016,21,15,3,11316,44,17,1,812,4,1,0,184,0,1,0
H35_NC_Time_Point_60_CD4 T cells.fcs,372491,171,171,15,161710,79,80,1,8751,4,4,0,28263,15,14,0,10057,4,4,1,22443,12,11,0,902,0,0,0,889,0,0,0
H35_HBsAg_Time_Point_60_CD4 T cells.fcs,4.48E+05,423,245,45,197298,491,215,79,14099,15,14,2,37084,30,39,14,12530,67,35,34,26259,93,145,43,1242,21,3,5,1289,13,8,8
H36_NC_Time_Point_60_CD4 T cells.fcs,279298,132,128,7,80280,38,39,3,7583,5,4,0,15423,7,8,0,15250,8,8,0,11440,6,6,0,326,0,0,0,200,0,0,0
H36_HBsAg_Time_Point_60_CD4 T cells.fcs,250634,188,112,4,61303,30,53,5,5536,15,8,0,10963,16,4,2,12406,18,11,1,7798,47,8,0,360,3,0,0,144,0,1,0
H38_NC_Time_Point_60_CD4 T cells.fcs,284553,143,138,5,126225,58,52,9,9418,5,5,0,35350,16,17,1,7596,4,3,0,7728,4,3,0,604,0,0,0,370,0,0,0
H38_HBsAg_Time_Point_60_CD4 T cells.fcs,208210,187,99,2,93000,60,95,8,8061,11,10,1,24195,26,10,7,5615,30,4,2,5455,11,4,0,537,5,1,2,265,0,0,0
H39_NC_Time_Point_60_CD4 T cells.fcs,292743,131,141,11,100636,41,47,4,5483,3,3,0,7364,4,3,0,7708,3,3,1,12404,6,6,0,529,0,0,0,135,0,0,0
H39_HBsAg_Time_Point_60_CD4 T cells.fcs,360917,224,182,22,124490,81,139,40,9459,7,9,1,12240,11,14,5,9587,37,9,8,15110,47,30,7,585,4,0,0,225,2,2,0
H40_NC_Time_Point_60_CD4 T cells.fcs,190631,82,83,12,77861,31,31,7,2957,1,1,0,9983,5,5,0,8240,4,3,0,7570,4,3,0,158,0,0,0,187,0,0,0
H40_HBsAg_Time_Point_60_CD4 T cells.fcs,245549,338,179,40,107583,198,137,47,4030,8,9,3,12753,23,13,14,10593,79,34,28,9912,50,126,43,313,6,3,3,335,0,3,2
H41_NC_Time_Point_60_CD4 T cells.fcs,218471,109,101,6,66959,31,30,3,3713,2,2,0,6268,3,3,0,9729,5,4,0,10313,5,5,0,405,0,0,0,159,0,0,0
H41_HBsAg_Time_Point_60_CD4 T cells.fcs,174356,112,54,6,55132,21,26,5,2848,2,3,0,4758,3,3,0,7542,4,3,0,8375,9,11,3,268,2,0,0,111,3,1,0
H42_NC_Time_Point_60_CD4 T cells.fcs,130669,59,63,3,97605,40,41,7,4314,2,2,0,19918,10,10,0,5677,3,3,0,8395,4,4,0,392,0,0,0,332,0,0,0
H42_HBsAg_Time_Point_60_CD4 T cells.fcs,141201,131,41,4,109849,59,68,11,4908,12,2,0,21353,11,16,1,6309,12,4,0,8920,0,17,0,572,2,2,0,426,1,3,0
H02_NC_Time_Point_180_CD4 T cells.fcs,307885,131,137,22,149246,70,67,8,8129,3,3,1,41203,19,19,1,16718,7,7,1,14807,7,8,0,1616,1,1,0,889,0,0,0
H02_PC_Time_Point_180_CD4 T cells.fcs,185713,440,156782,996,74436,561,35154,401,6087,26,4793,34,25963,92,21675,169,25679,45,18507,10,19087,6,4728,0,4028,7,2645,7,8486,3,6476,0
H02_HBsAg_Time_Point_180_CD4 T cells.fcs,339260,141,126,22,161188,63,96,18,8399,10,1,0,39636,24,17,10,17743,15,14,0,15366,13,27,0,1437,2,1,0,836,3,4,1
H03_NC_Time_Point_180_CD4 T cells.fcs,184907,85,92,3,170835,90,84,2,9130,5,5,0,32483,16,14,1,7424,4,4,0,22050,10,11,0,1219,1,1,0,959,0,0,0
H03_HBsAg_Time_Point_180_CD4 T cells.fcs,216237,122,96,5,205310,136,92,5,9813,8,4,0,36555,16,13,1,8694,5,13,1,25984,13,6,1,1198,1,1,0,1080,1,1,0
H04_NC_Time_Point_180_CD4 T cells.fcs,43185,25,21,0,65936,34,33,0,2728,2,1,0,8756,4,4,0,1526,1,1,0,5152,3,3,0,347,0,0,0,172,0,0,0
H04_HBsAg_Time_Point_180_CD4 T cells.fcs,43109,74,29,0,68151,44,30,0,2406,2,2,0,9621,9,5,0,1531,3,2,0,5194,1,9,0,335,0,3,0,173,0,2,0
H06_NC_Time_Point_180_CD4 T cells.fcs,142845,64,64,7,145226,65,61,10,6800,2,3,1,23042,11,12,0,4223,2,2,0,10540,5,5,0,386,0,0,0,313,0,0,0
H06_HBsAg_Time_Point_180_CD4 T cells.fcs,141620,101,46,7,144700,70,118,9,6807,10,4,1,23109,23,12,3,4693,28,8,2,10593,0,4,0,454,5,1,1,401,4,0,0
H07_NC_Time_Point_180_CD4 T cells.fcs,216445,96,96,13,232365,110,104,12,10461,3,4,2,42247,18,17,3,8101,4,4,0,14077,6,6,0,1129,1,1,0,1131,0,0,0
H07_HBsAg_Time_Point_180_CD4 T cells.fcs,184659,146,68,12,203566,112,100,8,8817,11,4,0,32589,25,17,3,6620,10,3,1,11347,10,6,0,955,6,0,0,777,1,1,0
H08_NC_Time_Point_180_CD4 T cells.fcs,267868,131,130,3,142565,66,67,4,5777,3,3,0,13813,7,7,0,10733,0,0,0,18336,8,8,1,359,0,0,0,272,0,0,0
H08_HBsAg_Time_Point_180_CD4 T cells.fcs,282572,221,88,6,149209,74,105,11,6040,6,20,1,15650,12,7,3,10974,1,5,0,18898,10,12,1,441,1,0,0,366,0,0,0
H10_NC_Time_Point_180_CD4 T cells.fcs,4.02E+05,186,214,11,95716,40,40,7,7052,4,4,0,15642,8,8,0,11615,6,6,0,12249,5,4,1,724,0,0,0,369,0,0,0
H10_HBsAg_Time_Point_180_CD4 T cells.fcs,4.13E+05,284,233,14,101276,50,101,10,6775,11,2,1,17204,12,14,2,12021,14,8,2,12492,11,16,0,768,4,0,0,432,5,2,1
H11_NC_Time_Point_180_CD4 T cells.fcs,207283,99,96,6,134717,59,60,6,5947,3,3,0,15757,7,7,1,9191,5,5,0,13206,7,7,0,678,0,0,0,366,0,0,0
H11_HBsAg_Time_Point_180_CD4 T cells.fcs,311392,168,127,6,206744,133,101,4,8419,11,2,0,25703,21,8,2,14010,7,8,1,19833,29,7,2,1153,0,2,0,657,8,1,0
H13_NC_Time_Point_180_CD4 T cells.fcs,355276,166,164,7,157621,74,75,4,18180,9,9,0,36058,17,18,1,17816,8,8,1,21789,6,6,4,1324,1,1,0,829,0,0,0
H13_HBsAg_Time_Point_180_CD4 T cells.fcs,393941,313,235,12,182934,215,234,23,19181,26,11,0,41781,41,26,4,18540,73,16,5,22858,48,40,2,1231,5,0,1,798,0,2,0
H14_NC_Time_Point_180_CD4 T cells.fcs,288036,139,138,7,53837,23,22,3,5909,2,2,1,6644,2,2,1,7845,3,4,0,9805,3,3,2,284,0,0,0,138,0,0,0
H14_HBsAg_Time_Point_180_CD4 T cells.fcs,308030,193,141,12,58715,35,59,3,5876,3,3,0,6918,1,7,1,8445,6,10,2,10188,8,10,2,300,0,6,3,139,2,3,2
H17_NC_Time_Point_180_CD4 T cells.fcs,239501,123,118,1,125963,58,62,3,7027,4,3,0,22130,11,11,1,12271,5,5,1,12876,6,6,0,1265,1,1,0,642,0,0,0
H17_HBsAg_Time_Point_180_CD4 T cells.fcs,276069,220,115,5,148431,104,91,8,8053,0,8,2,24205,5,22,2,14226,17,9,1,14181,18,15,1,1338,2,1,0,716,0,3,0
H18_NC_Time_Point_180_CD4 T cells.fcs,38004,20,19,0,13600,6,7,0,660,1,1,0,1505,1,1,0,451,0,0,0,985,0,0,0,62,0,0,0,30,0,0,0
H18_HBsAg_Time_Point_180_CD4 T cells.fcs,95619,97,60,0,39010,14,26,0,1731,3,7,0,4374,3,6,0,1246,5,0,0,2462,2,5,0,155,0,0,0,121,3,0,0
H19_NC_Time_Point_180_CD4 T cells.fcs,161257,77,80,4,117960,54,60,1,5142,3,3,0,21008,9,9,2,7166,4,4,0,13874,7,7,0,960,0,0,0,762,0,0,0
H19_HBsAg_Time_Point_180_CD4 T cells.fcs,195898,139,90,7,147737,67,162,9,5841,14,6,0,24324,8,62,3,8707,7,9,1,15571,27,13,1,1322,5,14,0,962,2,3,0
H20_NC_Time_Point_180_CD4 T cells.fcs,336373,170,160,9,145905,63,70,4,12900,5,5,1,42969,21,19,1,11329,5,5,1,14982,8,7,0,2077,1,1,0,1218,1,1,0
H20_HBsAg_Time_Point_180_CD4 T cells.fcs,309433,1127,149,9,137669,98,200,3,11434,64,19,0,38624,28,23,2,10001,22,6,0,12835,18,44,1,1897,12,13,0,1039,13,1,0
H21_NC_Time_Point_180_CD4 T cells.fcs,356401,168,173,4,164862,88,81,1,8677,5,5,0,24212,12,12,0,10194,5,5,0,14253,8,7,0,670,0,0,0,379,0,0,0
H21_HBsAg_Time_Point_180_CD4 T cells.fcs,356002,293,139,7,166412,101,88,6,8796,5,5,0,24665,14,17,0,9171,7,10,1,13309,12,3,0,598,3,0,0,301,2,0,0
H22_NC_Time_Point_180_CD4 T cells.fcs,116513,56,57,3,15046,8,8,0,880,1,1,0,1810,1,1,0,1655,1,1,0,1268,1,1,0,34,0,0,0,25,0,0,0
H22_HBsAg_Time_Point_180_CD4 T cells.fcs,29156,8,27,1,5578,0,2,0,64,0,0,0,387,0,1,0,322,0,3,0,394,2,0,0,2,0,0,0,10,0,0,0
H23_NC_Time_Point_180_CD4 T cells.fcs,186749,92,95,1,73961,37,35,3,3568,2,2,0,15621,8,8,0,8261,4,4,0,8461,3,4,0,1105,1,1,0,484,0,0,0
H23_HBsAg_Time_Point_180_CD4 T cells.fcs,176530,90,129,7,66089,31,80,3,3761,10,7,0,14019,11,13,0,8196,10,3,0,7602,13,11,1,1138,10,6,0,537,7,0,0
H24_NC_Time_Point_180_CD4 T cells.fcs,149235,75,73,2,112527,54,55,3,8177,4,4,0,24039,10,10,2,4333,2,2,0,8300,4,4,0,638,0,0,0,260,0,0,0
H24_HBsAg_Time_Point_180_CD4 T cells.fcs,203468,224,126,4,163944,65,309,10,11131,9,9,0,36529,20,31,0,5826,22,2,1,11138,13,14,0,835,2,7,1,369,1,5,0
H25_NC_Time_Point_180_CD4 T cells.fcs,223941,110,106,2,92027,44,45,1,4695,2,3,0,17676,9,8,0,15125,7,7,1,13273,5,7,0,850,0,0,0,865,0,0,0
H25_HBsAg_Time_Point_180_CD4 T cells.fcs,228508,204,148,0,89523,50,46,3,5769,12,2,0,18024,16,8,0,15834,22,10,0,12589,1,6,0,1136,3,0,0,953,1,1,0
H26_NC_Time_Point_180_CD4 T cells.fcs,210523,100,101,3,159904,71,66,13,7256,4,4,0,19298,10,10,0,6503,3,3,0,18097,9,8,0,1149,0,1,0,652,0,0,0
H26_HBsAg_Time_Point_180_CD4 T cells.fcs,207913,184,120,5,163022,83,62,5,7978,10,11,2,20338,6,7,1,6327,4,5,0,17175,8,9,0,1189,0,1,0,661,1,2,0
H28_NC_Time_Point_180_CD4 T cells.fcs,162345,77,81,1,89397,47,45,1,5370,3,3,0,20214,9,10,1,4272,2,2,0,8034,4,4,0,806,0,0,0,734,0,0,0
H28_HBsAg_Time_Point_180_CD4 T cells.fcs,156400,97,70,5,84821,72,164,16,5038,4,4,0,19427,10,19,1,3903,12,10,0,6752,39,56,2,700,5,0,0,548,1,8,0
H29_NC_Time_Point_180_CD4 T cells.fcs,136874,59,58,9,125487,55,57,2,5609,3,3,0,26349,13,11,1,4938,2,2,0,16269,8,8,0,810,0,0,0,452,0,0,0
H29_HBsAg_Time_Point_180_CD4 T cells.fcs,167901,101,68,7,157199,111,158,4,6621,4,8,0,32328,18,35,4,6312,3,11,0,19394,39,22,1,1055,11,2,0,529,0,0,0
H30_NC_Time_Point_180_CD4 T cells.fcs,170320,81,76,8,167583,83,72,6,5717,3,2,0,25470,14,13,0,2911,1,1,0,13699,6,7,0,314,0,0,0,376,0,0,0
H30_PC_Time_Point_180_CD4 T cells.fcs,85925,47,76617,468,73172,253,61694,1204,1812,4,1590,29,14413,37,13248,202,3880,4,2695,2,9333,72,2907,0,437,0,253,0,1783,0,1026,0
H30_HBsAg_Time_Point_180_CD4 T cells.fcs,181823,120,77,5,170679,71,100,5,6384,13,3,0,26221,18,29,0,3116,4,1,0,13496,6,5,0,378,0,1,0,468,0,3,0
H31_NC_Time_Point_180_CD4 T cells.fcs,306858,142,140,12,153263,71,68,6,7573,4,4,0,22202,11,11,0,11785,6,6,0,13089,5,6,1,461,0,0,0,363,0,0,0
H31_HBsAg_Time_Point_180_CD4 T cells.fcs,227245,153,109,6,105977,75,76,7,5431,6,4,0,14438,8,7,3,8929,8,7,5,8864,5,37,3,347,0,4,0,202,0,2,0
H32_NC_Time_Point_180_CD4 T cells.fcs,58876,27,27,1,243403,110,110,13,4085,2,2,0,64606,24,25,8,1986,1,1,0,11126,5,5,1,469,0,0,0,896,0,0,0
H32_HBsAg_Time_Point_180_CD4 T cells.fcs,54584,64,12,6,220893,209,265,66,4465,4,4,0,61126,68,39,16,1917,4,6,3,10033,43,18,1,495,7,5,0,828,3,0,0
H33_NC_Time_Point_180_CD4 T cells.fcs,299562,150,147,8,259311,107,115,18,14942,7,6,1,66660,31,27,4,12397,6,6,0,31009,15,14,0,1620,1,1,0,2978,2,2,0
H33_HBsAg_Time_Point_180_CD4 T cells.fcs,256941,170,110,12,212221,113,137,21,16850,17,14,2,58721,40,25,4,10480,12,11,2,25229,12,22,0,1742,4,4,1,2707,3,6,0
H34_NC_Time_Point_180_CD4 T cells.fcs,298405,145,142,7,60304,26,27,3,11927,6,6,0,7622,4,4,0,9999,5,4,0,8541,4,5,0,630,0,0,0,123,0,0,0
H34_PC_Time_Point_180_CD4 T cells.fcs,95517,341,82153,2156,12344,85,8323,171,2294,44,1829,130,1942,15,1501,40,3642,103,2184,38,2692,108,1572,4,279,0,186,0,171,0,99,0
H34_HBsAg_Time_Point_180_CD4 T cells.fcs,371144,314,161,13,76994,50,45,7,14639,17,10,3,9301,8,8,0,12805,50,14,4,10303,17,11,3,961,9,5,0,180,0,2,0
H35_NC_Time_Point_180_CD4 T cells.fcs,360185,162,167,13,132762,66,65,1,9537,5,5,0,29547,13,13,2,9270,2,3,2,20776,10,10,0,1093,1,1,0,1006,1,1,0
H35_HBsAg_Time_Point_180_CD4 T cells.fcs,347054,461,153,31,130987,128,135,7,11516,20,3,1,25857,22,16,2,9517,39,12,14,18556,64,56,10,919,11,7,3,871,7,5,4
H36_NC_Time_Point_180_CD4 T cells.fcs,285670,139,138,7,64623,30,32,2,5612,3,3,0,11189,6,6,0,12815,5,6,1,9035,5,5,0,331,0,0,0,152,0,0,0
H36_HBsAg_Time_Point_180_CD4 T cells.fcs,308302,266,164,14,71937,43,34,5,8609,10,4,0,13266,0,13,1,13681,24,2,1,9400,16,7,1,502,2,1,0,203,3,1,1
H38_NC_Time_Point_180_CD4 T cells.fcs,139417,64,68,5,79973,32,32,7,4674,2,2,0,19941,7,6,3,2117,1,1,0,3599,2,2,0,186,0,0,0,217,0,0,0
H38_HBsAg_Time_Point_180_CD4 T cells.fcs,186553,143,112,7,124826,79,75,10,8092,14,11,1,30943,26,26,3,2881,6,6,0,5143,2,3,0,306,0,2,0,339,5,2,2
H39_NC_Time_Point_180_CD4 T cells.fcs,281569,128,131,14,116715,57,59,2,7227,4,4,0,12211,6,6,0,6062,3,3,0,11984,6,6,0,516,0,0,0,205,0,0,0
H39_HBsAg_Time_Point_180_CD4 T cells.fcs,337002,304,152,13,139308,136,133,20,11002,8,10,0,17604,11,37,2,7392,21,5,0,14096,46,21,5,709,3,4,0,309,1,6,0
H40_NC_Time_Point_180_CD4 T cells.fcs,244835,110,104,12,139864,70,66,3,6433,3,3,0,27570,13,13,1,8346,4,4,0,8873,4,3,1,434,0,0,0,427,0,0,0
H40_HBsAg_Time_Point_180_CD4 T cells.fcs,293747,242,119,11,170434,168,100,23,7005,17,5,0,30740,41,18,8,9837,14,11,7,10323,37,50,8,439,2,2,0,430,4,2,3
H41_NC_Time_Point_180_CD4 T cells.fcs,277495,130,133,10,91673,36,38,7,5977,2,2,1,14334,7,7,0,12058,5,5,1,12411,6,6,0,849,0,0,0,419,1,0,0
H41_HBsAg_Time_Point_180_CD4 T cells.fcs,266389,200,96,3,86649,57,77,5,6470,8,4,1,14491,13,13,1,11707,18,4,1,11056,10,9,0,939,5,1,0,489,5,0,0
H42_NC_Time_Point_180_CD4 T cells.fcs,180679,76,75,13,158492,68,68,12,7446,4,4,0,42826,15,15,5,6228,3,3,0,11189,6,6,0,612,0,0,0,592,0,0,0
H42_HBsAg_Time_Point_180_CD4 T cells.fcs,156956,116,53,4,142689,74,89,9,7107,9,1,0,34695,16,15,0,5541,4,0,1,9675,4,5,1,703,2,1,0,569,0,1,0
H02_NC_Time_Point_365_CD4 T cells.fcs,286930,124,123,18,121392,55,52,7,8489,3,3,1,41151,20,21,0,11278,5,4,1,11096,7,6,0,1457,1,1,0,778,0,0,0
H02_HBsAg_Time_Point_365_CD4 T cells.fcs,356635,1965,584,158,334480,114,132,11,47889,173,100,28,44338,43,35,8,356635,116,320,14,19173,14,21,0,47889,60,42,6,2581,6,8,0
H03_NC_Time_Point_365_CD4 T cells.fcs,99274,44,46,5,96264,45,42,3,4306,2,2,0,19043,9,10,0,5618,3,3,0,11375,6,6,0,786,0,0,0,587,0,0,0
H03_HBsAg_Time_Point_365_CD4 T cells.fcs,89999,40,41,6,84446,43,95,1,3527,0,3,1,16035,29,15,0,4959,2,5,0,9641,11,7,0,713,2,3,0,571,0,0,0
H04_NC_Time_Point_365_CD4 T cells.fcs,120100,57,56,3,211770,102,100,10,9352,5,4,0,45186,20,21,3,4592,1,1,1,20830,10,10,0,902,0,0,0,721,0,0,0
H04_PC_Time_Point_365_CD4 T cells.fcs,7995,17,7272,21,16290,64,13262,170,318,0,296,0,3773,6,3431,12,417,3,199,1,2400,11,1093,0,76,0,50,0,291,0,211,0
H04_HBsAg_Time_Point_365_CD4 T cells.fcs,122851,80,80,1,212991,131,262,20,9450,7,3,0,48167,32,33,2,4918,4,0,1,21512,14,16,0,998,2,1,1,909,0,1,0
H06_NC_Time_Point_365_CD4 T cells.fcs,173155,77,80,9,227168,94,102,9,10709,3,3,2,50391,21,21,4,6186,3,3,0,15397,8,8,0,629,0,0,0,834,0,0,0
H06_HBsAg_Time_Point_365_CD4 T cells.fcs,97149,51,25,4,133069,27,89,12,5403,8,3,1,24387,6,16,3,3635,1,4,1,8491,12,8,1,331,1,0,1,405,0,1,0
H07_NC_Time_Point_365_CD4 T cells.fcs,165333,71,72,10,195648,89,80,12,8797,4,4,0,41116,19,18,2,3673,1,1,0,11891,4,4,2,812,0,0,0,951,0,0,0
H07_PC_Time_Point_365_CD4 T cells.fcs,17610,5,16052,27,11058,7,9894,22,324,0,299,0,2408,0,2252,3,908,0,587,0,2374,0,1611,0,85,0,63,0,290,0,201,0
H07_HBsAg_Time_Point_365_CD4 T cells.fcs,165909,116,60,7,202285,100,103,13,8931,8,8,1,44433,20,28,1,3722,2,5,2,12262,21,8,0,948,0,3,1,1100,1,3,0
H08_NC_Time_Point_365_CD4 T cells.fcs,210284,103,106,2,152800,79,77,2,6633,3,3,0,22896,11,12,0,2709,1,1,0,15394,8,8,0,236,0,0,0,474,0,0,0
H08_HBsAg_Time_Point_365_CD4 T cells.fcs,241534,204,142,2,176686,136,196,7,8413,5,6,0,30255,36,53,3,3512,4,2,0,17245,26,4,0,384,5,1,1,609,6,0,0
H10_NC_Time_Point_365_CD4 T cells.fcs,396059,188,182,14,96889,44,42,6,8747,4,4,0,19558,8,8,2,11863,5,5,1,14349,6,7,0,912,0,0,0,466,0,0,0
H10_HBsAg_Time_Point_365_CD4 T cells.fcs,4.16E+05,194,188,11,105275,61,60,8,7844,7,8,1,20900,12,12,2,12131,12,10,1,14841,14,14,0,872,1,1,0,536,0,3,0
H11_NC_Time_Point_365_CD4 T cells.fcs,267157,124,133,7,182395,84,82,8,10316,5,5,0,32896,15,14,2,12042,5,6,0,19640,9,10,0,1282,0,1,0,918,0,0,0
H11_HBsAg_Time_Point_365_CD4 T cells.fcs,314839,192,149,7,216856,115,138,14,12075,7,7,1,39622,11,17,1,14094,7,11,1,22619,25,11,0,1618,3,5,0,1050,1,2,0
H13_NC_Time_Point_365_CD4 T cells.fcs,380846,181,186,5,145529,76,68,3,18167,6,7,2,35859,11,11,7,12561,6,6,0,11559,6,6,0,781,0,0,0,429,0,0,0
H13_HBsAg_Time_Point_365_CD4 T cells.fcs,364385,316,172,15,143524,166,157,11,19373,19,10,1,37076,22,8,2,11990,18,9,1,10652,39,14,1,885,0,1,0,463,10,0,0
H14_NC_Time_Point_365_R_CD4 T cells.fcs,20885,11,10,0,5625,3,3,0,331,1,1,0,1027,1,1,0,168,0,0,0,360,0,0,0,15,0,0,0,10,0,0,0
H14_HBsAg_Time_Point_365_R_CD4 T cells.fcs,31244,11,4,1,9792,9,5,0,513,0,0,0,1650,5,0,0,205,1,3,1,739,2,7,0,10,0,0,0,23,2,0,1
H17_NC_Time_Point_365_CD4 T cells.fcs,349102,162,176,1,152368,65,65,13,9004,4,5,0,19306,10,10,0,19821,8,10,0,18114,10,9,0,1425,1,1,0,599,0,0,0
H17_HBsAg_Time_Point_365_CD4 T cells.fcs,311831,179,129,4,143899,67,113,10,5531,7,7,0,13215,9,16,3,17396,15,21,1,16048,31,30,0,872,0,4,0,360,0,1,0
H18_NC_Time_Point_365_CD4 T cells.fcs,50617,23,24,2,23116,11,12,0,982,1,1,0,2422,1,1,0,1078,1,1,0,2125,1,1,0,114,0,0,0,64,0,0,0
H18_HBsAg_Time_Point_365_CD4 T cells.fcs,41955,31,20,0,18288,7,12,0,795,0,0,0,2024,2,1,0,895,4,5,0,1603,3,2,0,125,0,0,0,58,0,0,0
H19_NC_Time_Point_365_CD4 T cells.fcs,108452,51,52,1,110470,58,55,4,3647,2,1,0,20125,9,9,1,5633,3,3,0,12301,6,6,0,718,0,0,0,660,0,0,0
H19_HBsAg_Time_Point_365_CD4 T cells.fcs,144218,96,66,5,171636,78,149,7,5293,8,3,1,31771,33,23,2,7441,6,2,0,19355,19,8,0,1216,8,0,0,1142,5,0,0
H20_NC_Time_Point_365_CD4 T cells.fcs,268800,117,122,17,149202,63,61,10,9361,5,5,0,28976,15,13,0,13241,7,7,0,16715,9,8,0,1507,1,1,0,1083,1,1,0
H20_HBsAg_Time_Point_365_CD4 T cells.fcs,292811,196,129,14,173184,83,125,13,10733,12,9,0,31813,26,17,1,14097,9,1,0,17580,13,5,0,1715,6,3,0,974,13,0,2
H21_NC_Time_Point_365_CD4 T cells.fcs,221874,1083,97,15,144758,63,69,4,4707,2,2,0,14105,6,6,1,8499,3,3,1,10944,5,5,0,349,0,0,0,238,0,0,0
H21_HBsAg_Time_Point_365_CD4 T cells.fcs,284087,1656,109,14,188268,88,95,6,5945,6,4,1,18125,2,7,0,10121,16,6,0,13113,13,12,3,417,1,2,0,243,2,1,0
H22_NC_Time_Point_365_CD4 T cells.fcs,248947,113,114,14,53280,24,21,4,2258,1,1,0,7296,3,4,0,6508,3,2,0,7031,5,4,0,109,0,0,0,121,0,0,0
H22_HBsAg_Time_Point_365_CD4 T cells.fcs,4.45E+05,348,123,15,93367,57,65,6,4768,1,3,0,12433,12,14,1,12566,17,11,0,11609,14,11,0,337,10,7,1,242,2,2,1
H23_NC_Time_Point_365_CD4 T cells.fcs,203370,94,103,6,82321,34,39,4,4629,2,2,0,17475,9,8,1,11682,6,6,0,11518,5,6,0,1760,1,1,0,886,0,0,0
H23_HBsAg_Time_Point_365_CD4 T cells.fcs,4.73E+05,349,204,20,188343,93,137,13,15332,6,20,0,39548,32,18,2,26151,52,25,3,23151,46,37,0,4207,11,14,0,1667,17,3,1
H24_NC_Time_Point_365_CD4 T cells.fcs,175342,89,92,0,160584,72,77,5,12967,6,7,0,33842,14,14,3,9234,4,5,0,12377,6,6,0,1510,1,1,0,599,0,0,0
H24_HBsAg_Time_Point_365_CD4 T cells.fcs,213288,261,142,3,191730,75,291,11,15213,30,26,2,36111,21,38,2,11552,41,8,1,13818,18,11,0,1859,10,2,0,588,1,9,0
H25_NC_Time_Point_365_CD4 T cells.fcs,182570,92,86,2,96286,48,49,1,3786,2,2,0,18687,9,9,0,11984,6,6,0,12146,5,6,0,779,0,0,0,901,0,0,0
H25_HBsAg_Time_Point_365_CD4 T cells.fcs,176017,240,123,3,93738,98,209,3,4330,3,2,0,17698,14,11,1,11585,30,10,0,10527,8,24,0,850,4,0,0,835,1,0,1
H26_NC_Time_Point_365_CD4 T cells.fcs,196306,97,100,1,211292,98,94,10,8117,4,4,0,27356,11,11,2,8012,5,4,0,21526,11,11,0,1622,1,1,0,1181,1,1,0
H26_HBsAg_Time_Point_365_CD4 T cells.fcs,97661,39,27,4,112801,65,22,5,4219,1,1,0,15052,6,7,0,3007,5,4,0,9436,6,6,0,790,1,3,0,654,3,0,0
H28_NC_Time_Point_365_CD4 T cells.fcs,132869,66,65,1,109253,41,46,10,4920,2,2,0,23461,9,11,2,4369,2,2,0,9156,5,5,0,756,0,0,0,693,0,0,0
H28_PC_Time_Point_365_CD4 T cells.fcs,60621,96,55453,608,37298,317,25893,912,3051,14,2578,23,12531,131,9242,239,11768,10,9911,6,16042,100,9062,1,2218,0,1539,0,5930,0,3884,0
H28_HBsAg_Time_Point_365_CD4 T cells.fcs,157935,118,78,1,133968,107,137,20,5264,3,9,1,27239,58,18,5,5463,19,8,1,10937,22,73,0,700,2,2,1,1032,0,6,0
H29_NC_Time_Point_365_CD4 T cells.fcs,107735,56,52,1,95371,43,46,3,4532,1,1,1,22246,8,8,3,4546,2,2,0,13380,7,7,0,684,0,0,0,459,0,0,0
H29_HBsAg_Time_Point_365_CD4 T cells.fcs,157487,140,110,12,144254,120,194,14,7028,11,7,0,34919,48,51,6,7025,14,5,2,18274,28,18,0,1161,2,1,0,747,3,2,1
H30_NC_Time_Point_365_CD4 T cells.fcs,221571,108,104,6,207844,95,87,14,9053,3,3,2,34641,14,17,0,5494,3,3,0,14223,7,8,0,648,0,0,0,673,0,0,0
H30_HBsAg_Time_Point_365_CD4 T cells.fcs,192446,92,100,2,179782,77,48,9,9488,4,4,1,31591,17,16,4,4576,0,3,0,11442,7,7,0,662,0,1,0,722,3,0,0
H31_NC_Time_Point_365_CD4 T cells.fcs,210677,98,100,8,173407,76,73,8,6713,3,3,0,21059,11,11,0,8764,4,4,0,12472,5,5,1,400,0,0,0,321,0,0,0
H31_HBsAg_Time_Point_365_CD4 T cells.fcs,264985,152,146,6,222129,209,144,21,7699,1,6,0,27248,15,12,5,11238,2,25,0,14715,28,47,1,521,1,0,0,378,5,2,1
H32_NC_Time_Point_365_CD4 T cells.fcs,47930,22,21,3,328589,144,145,18,4638,2,2,0,97831,39,43,8,2321,1,1,0,16940,8,8,0,754,0,0,0,2073,1,1,0
H32_HBsAg_Time_Point_365_CD4 T cells.fcs,39372,27,29,3,267403,261,298,81,4063,9,2,0,75439,110,56,22,2118,12,3,1,14077,26,47,0,675,6,5,2,1825,1,3,0
H33_NC_Time_Point_365_CD4 T cells.fcs,181343,96,88,0,203647,89,86,12,11042,6,5,0,41042,16,18,2,9784,5,5,0,23798,11,13,0,1202,1,1,0,2191,1,1,0
H33_HBsAg_Time_Point_365_CD4 T cells.fcs,207315,114,71,3,231984,131,125,20,13440,7,10,0,48705,31,21,1,10516,13,6,0,25626,13,17,0,1597,1,2,0,2510,1,12,0
H34_NC_Time_Point_365_CD4 T cells.fcs,200683,98,99,2,62220,24,27,5,8456,4,4,0,6519,2,2,1,9118,4,4,1,8861,5,4,0,705,0,0,0,109,0,0,0
H34_HBsAg_Time_Point_365_CD4 T cells.fcs,246391,272,145,9,79984,53,118,7,10223,15,8,1,8467,2,7,0,11682,62,27,2,11008,9,22,0,927,35,1,1,167,0,1,0
H35_NC_Time_Point_365_CD4 T cells.fcs,297448,147,146,2,139909,62,65,4,7239,2,3,1,21101,10,10,1,7881,3,3,1,20772,10,10,0,674,0,0,0,729,0,0,1
H35_HBsAg_Time_Point_365_CD4 T cells.fcs,368973,104,205,13,183488,250,169,13,8178,3,10,0,24501,34,21,4,10807,3,52,2,26619,159,74,10,723,8,2,2,991,1,10,1
H36_NC_Time_Point_365_CD4 T cells.fcs,4.03E+05,197,190,6,127364,52,54,7,9271,5,5,0,21266,8,8,3,21552,11,11,0,17847,8,8,1,565,0,0,0,349,0,0,0
H36_HBsAg_Time_Point_365_CD4 T cells.fcs,4.20E+05,282,181,11,123440,70,68,11,10336,8,8,1,19073,8,13,3,21555,17,19,1,16464,26,16,0,727,0,2,0,339,7,0,0
H38_NC_Time_Point_365_CD4 T cells.fcs,195144,93,95,6,111741,50,49,6,7029,3,4,0,36612,15,14,4,3944,2,2,0,6220,3,3,0,492,0,0,0,429,0,0,0
H38_HBsAg_Time_Point_365_CD4 T cells.fcs,278555,233,114,13,165922,80,93,18,10703,15,16,2,44520,19,16,3,5541,3,6,0,8146,11,10,1,561,1,5,0,564,0,2,0
H39_NC_Time_Point_365_CD4 T cells.fcs,327430,151,150,11,121807,50,50,9,7519,3,3,1,12508,6,6,0,11578,5,5,1,15965,8,7,0,926,0,0,0,279,0,0,0
H39_HBsAg_Time_Point_365_CD4 T cells.fcs,386671,342,214,17,152770,131,115,8,8786,13,19,1,13874,19,9,2,13641,29,10,0,19293,18,23,1,904,18,1,0,360,0,1,0
H40_NC_Time_Point_365_CD4 T cells.fcs,263671,125,123,9,165451,61,71,17,6632,3,3,0,28026,11,11,4,11832,6,6,0,11921,5,6,0,555,0,0,0,482,0,0,0
H40_HBsAg_Time_Point_365_CD4 T cells.fcs,295513,232,222,12,196375,191,191,21,6697,7,5,1,27393,35,19,6,12496,62,44,4,13226,37,31,1,536,1,8,0,609,2,2,0
H41_NC_Time_Point_365_CD4 T cells.fcs,249636,116,120,5,107315,38,37,14,4458,2,2,0,10994,6,6,0,12845,6,6,0,15005,8,7,0,631,0,0,0,364,0,0,0
H41_HBsAg_Time_Point_365_CD4 T cells.fcs,232407,179,163,8,104040,73,148,17,4114,4,8,0,10682,4,11,0,11689,15,11,0,13836,8,18,0,605,8,2,2,397,0,3,0
H42_NC_Time_Point_365_CD4 T cells.fcs,93768,41,45,4,103196,40,41,11,3999,2,2,0,24785,9,9,4,3974,2,2,0,5581,3,3,0,421,0,0,0,381,0,0,0
H42_HBsAg_Time_Point_365_CD4 T cells.fcs,94907,99,23,0,113038,70,26,10,3773,0,5,1,23485,26,6,1,4295,13,8,0,6072,4,6,0,431,2,0,0,341,0,0,0
Mean,,,,,,,,,,,,,,,,,,,,,,,,,,,,,,,,
SD,,,,,,,,,,,,,,,,,,,,,,,,,,,,,,,,