,CD4,TH | Median (Comp-PE-A),naive_TH | Median (Comp-PE-A),memory_TH | Median (Comp-PE-A),TFH | Median (Comp-PE-A),naive_TFH | Median (Comp-PE-A),memory_TFH | Median (Comp-PE-A),Treg | Median (Comp-PE-A),CD45RApos_Treg | Median (Comp-PE-A),CD45RAneg_Treg | Median (Comp-PE-A),TFR | Median (Comp-PE-A),CD45RApos_TFR | Median (Comp-PE-A),CD45RAneg_TFR | Median (Comp-PE-A),
Compensation Controls_CD3 Alexa Fluor 430 Stained Control.fcs,n/a,,,,,,,,,,,,,
Compensation Controls_CD4 PerCP-Cy5-5 Stained Control.fcs,n/a,,,,,,,,,,,,,
"Compensation Controls_CD8,2f,Viability APC-Cy7 Stained Control.fcs",n/a,,,,,,,,,,,,,
Compensation Controls_CD25 Pacific Blue Stained Control.fcs,n/a,,,,,,,,,,,,,
Compensation Controls_CD45RA FITC Stained Control.fcs,n/a,,,,,,,,,,,,,
Compensation Controls_CD127 BV786 Stained Control.fcs,n/a,,,,,,,,,,,,,
Compensation Controls_CD137 PE Stained Control.fcs,n/a,,,,,,,,,,,,,
Compensation Controls_CD154 APC Stained Control.fcs,n/a,,,,,,,,,,,,,
Compensation Controls_CXCR5 PE-Cy7 Stained Control.fcs,n/a,,,,,,,,,,,,,
H02_NC_Time_Point_0_CD4 T cells.fcs,202,194,162,271,182,171,185,342,188,703,185,154,277,
H02_HBsAg_Time_Point_0_CD4 T cells.fcs,225,217,179,302,217,199,219,400,239,813,262,208,403,
H03_NC_Time_Point_0_CD4 T cells.fcs,194,174,134,242,154,182,145,635,274,1457,294,288,299,
H03_HBsAg_Time_Point_0_CD4 T cells.fcs,231,208,162,288,217,231,208,739,342,1883,440,406,501,
H04_NC_Time_Point_0_CD4 T cells.fcs,191,185,148,199,122,137,120,536,179,724,245,199,282,
H04_HBsAg_Time_Point_0_CD4 T cells.fcs,259,254,211,274,194,205,191,627,251,837,337,317,363,
H06_NC_Time_Point_0_CD4 T cells.fcs,185,179,96.8,257,128,96.8,134,653,120,1357,217,154,320,
H06_HBsAg_Time_Point_0_CD4 T cells.fcs,168,157,51.2,265,99.6,96.8,99.6,834,208,1481,302,245,354,
H07_NC_Time_Point_0_CD4 T cells.fcs,114,111,74.0,168,85.4,76.8,88.2,228,82.5,437,65.5,34.1,145,
H07_HBsAg_Time_Point_0_CD4 T cells.fcs,85.4,79.7,45.5,137,59.8,48.4,65.5,208,74.0,429,108,82.5,171,
H08_NC_Time_Point_0_CD4 T cells.fcs,157,145,111,194,99.6,91.1,102,383,137,586,111,88.2,140,
H08_HBsAg_Time_Point_0_CD4 T cells.fcs,168,154,117,214,122,131,122,466,182,718,159,140,171,
H10_NC_Time_Point_0_CD4 T cells.fcs,122,117,102,179,76.8,65.5,82.5,279,108,609,93.9,68.3,162,
H10_HBsAg_Time_Point_0_CD4 T cells.fcs,131,125,108,199,120,114,120,299,134,612,159,134,191,
H11_NC_Time_Point_0_CD4 T cells.fcs,185,174,142,205,145,182,134,498,171,865,242,228,254,
H11_HBsAg_Time_Point_0_CD4 T cells.fcs,211,199,159,242,174,165,177,513,202,883,271,288,257,
H13_NC_Time_Point_0_CD4 T cells.fcs,131,120,91.1,177,99.6,117,93.9,331,114,656,251,205,288,
H13_HBsAg_Time_Point_0_CD4 T cells.fcs,151,140,108,205,128,140,125,368,159,709,245,262,234,
H14_NC_Time_Point_0_CD4 T cells.fcs,8.54,-11.4,-42.7,145,14.2,68.3,-11.4,627,65.5,1659,248,271,174,
H14_HBsAg_Time_Point_0_CD4 T cells.fcs,59.8,37.0,8.54,171,68.3,105,48.4,724,228,1720,354,400,297,
H17_NC_Time_Point_0_CD4 T cells.fcs,182,179,162,202,137,157,131,288,137,374,194,208,182,
H17_HBsAg_Time_Point_0_CD4 T cells.fcs,211,205,177,248,188,191,185,320,191,403,251,274,231,
H18_NC_Time_Point_0_CD4 T cells.fcs,168,157,111,254,140,96.8,157,383,137,556,208,157,268,
H18_HBsAg_Time_Point_0_CD4 T cells.fcs,171,159,111,262,162,128,174,411,174,627,214,159,279,
H19_NC_Time_Point_0_CD4 T cells.fcs,214,197,120,271,157,93.9,171,553,171,877,182,108,248,
H19_HBsAg_Time_Point_0_CD4 T cells.fcs,231,211,134,297,191,131,205,597,234,984,277,234,363,
H20_NC_Time_Point_0_CD4 T cells.fcs,157,148,108,219,128,108,134,386,120,775,165,117,225,
H20_HBsAg_Time_Point_0_CD4 T cells.fcs,131,125,85.4,159,128,93.9,131,228,88.2,380,128,96.8,142,
H21_NC_Time_Point_0_CD4 T cells.fcs,185,179,117,274,140,111,148,527,159,1564,177,140,271,
H21_HBsAg_Time_Point_0_CD4 T cells.fcs,211,202,131,314,165,125,179,615,202,1831,274,228,423,
H22_NC_Time_Point_0_CD4 T cells.fcs,171,162,148,245,154,137,159,409,202,1236,297,262,308,
H22_PC_Time_Point_0_CD4 T cells.fcs,239,188,154,600,328,305,340,680,472,2272,928,1049,843,
H22_HBsAg_Time_Point_0_CD4 T cells.fcs,165,151,134,265,174,182,171,539,277,1461,463,409,513,
H23_NC_Time_Point_0_CD4 T cells.fcs,214,205,162,288,179,140,191,414,177,889,194,174,239,
H23_HBsAg_Time_Point_0_CD4 T cells.fcs,171,157,117,239,145,105,154,446,171,965,265,225,397,
H24_NC_Time_Point_0_CD4 T cells.fcs,117,114,65.5,228,68.3,76.8,62.6,314,79.7,798,131,142,85.4,
H24_PC_Time_Point_0_CD4 T cells.fcs,513,437,328,1118,1036,984,1052,2277,775,7739,2913,3272,2757,
H24_HBsAg_Time_Point_0_CD4 T cells.fcs,137,131,82.5,242,88.2,68.3,96.8,345,122,810,168,188,99.6,
H25_NC_Time_Point_0_CD4 T cells.fcs,120,111,85.4,185,85.4,68.3,85.4,251,117,533,108,99.6,117,
H25_HBsAg_Time_Point_0_CD4 T cells.fcs,125,111,82.5,205,102,93.9,102,302,179,603,219,237,202,
H26_NC_Time_Point_0_CD4 T cells.fcs,182,165,122,222,137,154,131,697,159,1216,259,228,328,
H26_HBsAg_Time_Point_0_CD4 T cells.fcs,225,217,179,254,199,194,199,594,219,1086,268,245,328,
H28_NC_Time_Point_0_CD4 T cells.fcs,197,191,162,242,174,140,182,386,162,565,248,222,279,
H28_HBsAg_Time_Point_0_CD4 T cells.fcs,214,208,165,271,177,148,182,440,219,632,285,245,328,
H29_NC_Time_Point_0_CD4 T cells.fcs,211,197,145,251,159,151,162,665,271,1014,191,128,251,
H29_HBsAg_Time_Point_0_CD4 T cells.fcs,208,191,134,251,162,171,159,763,351,1159,285,254,348,
H30_NC_Time_Point_0_CD4 T cells.fcs,137,131,71.2,205,85.4,62.6,91.1,536,93.9,999,142,142,142,
H30_HBsAg_Time_Point_0_CD4 T cells.fcs,74.0,65.5,5.69,145,31.3,14.2,34.1,588,59.8,1027,131,102,157,
H31_NC_Time_Point_0_CD4 T cells.fcs,62.6,51.2,-5.69,162,56.9,65.5,51.2,279,0,612,142,108,168,
H31_PC_Time_Point_0_CD4 T cells.fcs,380,308,145,931,490,357,524,1670,609,3497,1444,1307,1515,
H31_HBsAg_Time_Point_0_CD4 T cells.fcs,65.5,56.9,2.85,157,54.1,59.8,51.2,291,62.6,568,148,120,219,
H32_NC_Time_Point_0_CD4 T cells.fcs,131,131,19.9,154,82.5,197,76.8,469,17.1,635,185,205,162,
H32_HBsAg_Time_Point_0_CD4 T cells.fcs,148,145,31.3,171,102,219,96.8,588,137,775,282,274,288,
H33_NC_Time_Point_0_CD4 T cells.fcs,79.7,68.3,11.4,140,48.4,42.7,48.4,305,37.0,504,91.1,45.5,114,
H33_HBsAg_Time_Point_0_CD4 T cells.fcs,114,105,51.2,171,88.2,68.3,91.1,325,76.8,527,174,122,208,
H34_NC_Time_Point_0_CD4 T cells.fcs,148,134,117,222,102,102,102,490,271,1474,197,234,88.2,
H34_HBsAg_Time_Point_0_CD4 T cells.fcs,140,122,105,211,93.9,93.9,93.9,556,311,1808,334,325,354,
H35_NC_Time_Point_0_CD4 T cells.fcs,91.1,82.5,54.1,154,59.8,65.5,54.1,420,96.8,727,125,93.9,165,
H35_HBsAg_Time_Point_0_CD4 T cells.fcs,117,105,82.5,165,85.4,102,79.7,400,134,656,128,99.6,154,
H36_NC_Time_Point_0_CD4 T cells.fcs,85.4,79.7,68.3,131,19.9,42.7,2.85,197,59.8,591,154,179,74.0,
H36_PC_Time_Point_0_CD4 T cells.fcs,461,342,259,1146,763,697,792,2066,1149,4440,1757,1713,1793,
H36_HBsAg_Time_Point_0_CD4 T cells.fcs,99.6,93.9,82.5,151,45.5,59.8,37.0,222,85.4,615,157,174,105,
H38_NC_Time_Point_0_CD4 T cells.fcs,151,145,111,197,120,125,117,423,131,730,159,140,165,
H38_HBsAg_Time_Point_0_CD4 T cells.fcs,117,114,74.0,177,82.5,82.5,82.5,440,131,837,199,142,305,
H39_NC_Time_Point_0_CD4 T cells.fcs,125,114,82.5,234,114,142,88.2,391,105,880,274,257,320,
H39_HBsAg_Time_Point_0_CD4 T cells.fcs,159,154,120,259,137,168,111,397,148,874,322,299,386,
H40_NC_Time_Point_0_CD4 T cells.fcs,157,154,125,205,151,179,142,274,120,495,225,259,199,
H40_HBsAg_Time_Point_0_CD4 T cells.fcs,102,96.8,65.5,165,91.1,120,82.5,299,108,580,217,294,185,
H41_NC_Time_Point_0_CD4 T cells.fcs,117,105,79.7,171,93.9,96.8,91.1,257,108,423,140,148,125,
H41_HBsAg_Time_Point_0_CD4 T cells.fcs,111,96.8,68.3,177,108,134,96.8,311,134,521,219,248,191,
H42_NC_Time_Point_0_CD4 T cells.fcs,131,131,111,151,88.2,102,85.4,277,99.6,429,234,259,202,
H42_HBsAg_Time_Point_0_CD4 T cells.fcs,108,102,79.7,131,65.5,85.4,62.6,302,122,455,234,254,211,
H02_NC_Time_Point_60_CD4 T cells.fcs,197,182,151,291,159,162,159,357,188,862,182,145,271,
H02_HBsAg_Time_Point_60_CD4 T cells.fcs,211,199,165,317,194,197,194,391,217,962,262,239,328,
H03_NC_Time_Point_60_CD4 T cells.fcs,177,162,131,222,137,145,131,545,222,1232,197,197,194,
H03_HBsAg_Time_Point_60_CD4 T cells.fcs,199,179,142,257,159,171,157,671,279,1495,311,294,360,
H04_NC_Time_Point_60_CD4 T cells.fcs,202,199,168,214,142,159,140,521,185,653,205,171,231,
H04_HBsAg_Time_Point_60_CD4 T cells.fcs,188,179,148,194,134,154,128,586,214,742,317,302,340,
H06_NC_Time_Point_60_CD4 T cells.fcs,165,151,76.8,242,85.4,51.2,93.9,548,99.6,1002,237,199,277,
H06_HBsAg_Time_Point_60_CD4 T cells.fcs,182,165,85.4,257,117,108,120,612,142,1092,331,294,354,
H07_NC_Time_Point_60_CD4 T cells.fcs,168,162,93.9,245,131,93.9,140,383,120,748,134,79.7,214,
H07_HBsAg_Time_Point_60_CD4 T cells.fcs,162,154,82.5,237,142,108,151,406,148,783,197,157,254,
H08_NC_Time_Point_60_CD4 T cells.fcs,257,248,219,317,214,194,222,406,222,609,199,179,217,
H08_HBsAg_Time_Point_60_CD4 T cells.fcs,202,191,159,259,157,148,159,440,219,697,239,237,245,
H10_NC_Time_Point_60_CD4 T cells.fcs,96.8,88.2,76.8,148,37.0,39.8,34.1,285,85.4,650,42.7,39.8,42.7,
H10_HBsAg_Time_Point_60_CD4 T cells.fcs,125,117,99.6,191,105,111,102,345,137,795,165,157,182,
H11_NC_Time_Point_60_CD4 T cells.fcs,185,171,142,208,142,171,137,478,165,868,205,208,202,
H11_HBsAg_Time_Point_60_CD4 T cells.fcs,194,179,145,228,165,162,165,524,219,974,268,239,302,
H13_NC_Time_Point_60_CD4 T cells.fcs,131,125,102,182,99.6,105,96.8,302,128,632,162,159,165,
H13_HBsAg_Time_Point_60_CD4 T cells.fcs,159,151,120,219,134,140,134,423,217,859,322,320,325,
H14_NC_Time_Point_60_CD4 T cells.fcs,22.8,0,-22.8,151,45.5,111,5.69,516,42.7,1677,320,311,320,
H14_HBsAg_Time_Point_60_CD4 T cells.fcs,-17.1,-39.8,-62.6,102,17.1,114,-48.4,691,148,1764,371,507,-14.2,
H17_NC_Time_Point_60_CD4 T cells.fcs,171,162,148,214,159,185,148,239,159,429,199,197,234,
H17_HBsAg_Time_Point_60_CD4 T cells.fcs,199,188,165,257,197,217,191,317,225,565,331,314,400,
H18_NC_Time_Point_60_CD4 T cells.fcs,145,137,108,217,134,111,142,325,131,510,131,111,179,
H18_HBsAg_Time_Point_60_CD4 T cells.fcs,148,137,99.6,242,157,137,168,435,199,718,268,248,288,
H19_NC_Time_Point_60_CD4 T cells.fcs,188,174,111,242,137,96.8,145,440,151,813,191,125,239,
H19_HBsAg_Time_Point_60_CD4 T cells.fcs,202,188,120,259,154,122,162,501,202,919,185,122,239,
H20_NC_Time_Point_60_CD4 T cells.fcs,120,114,85.4,188,88.2,68.3,96.8,245,79.7,501,162,157,174,
H20_HBsAg_Time_Point_60_CD4 T cells.fcs,137,131,102,202,117,99.6,122,294,131,603,205,177,251,
H21_NC_Time_Point_60_CD4 T cells.fcs,177,171,105,279,114,91.1,122,440,162,1042,177,102,259,
H21_HBsAg_Time_Point_60_CD4 T cells.fcs,185,182,111,294,134,111,142,481,179,1232,199,162,259,
H22_NC_Time_Point_60_CD4 T cells.fcs,194,188,171,294,205,199,211,423,225,1021,340,542,285,
H22_HBsAg_Time_Point_60_CD4 T cells.fcs,174,168,151,262,159,188,151,437,237,1083,530,545,452,
H23_NC_Time_Point_60_CD4 T cells.fcs,140,131,99.6,219,117,93.9,122,320,105,840,131,105,199,
H23_PC_Time_Point_60_CD4 T cells.fcs,443,380,277,1055,612,510,644,1052,580,4174,1655,1808,1444,
H23_HBsAg_Time_Point_60_CD4 T cells.fcs,185,174,137,271,179,159,188,429,199,1159,259,199,394,
H24_NC_Time_Point_60_CD4 T cells.fcs,91.1,88.2,45.5,151,31.3,51.2,25.6,340,37.0,685,51.2,76.8,-2.85,
H24_HBsAg_Time_Point_60_CD4 T cells.fcs,114,108,65.5,168,54.1,85.4,42.7,417,102,757,137,137,145,
H25_NC_Time_Point_60_CD4 T cells.fcs,108,99.6,79.7,165,91.1,114,85.4,225,128,458,134,157,114,
H25_HBsAg_Time_Point_60_CD4 T cells.fcs,122,111,85.4,199,117,148,111,302,202,533,285,262,305,
H26_NC_Time_Point_60_CD4 T cells.fcs,188,177,142,214,142,128,148,635,182,1074,251,159,403,
H26_HBsAg_Time_Point_60_CD4 T cells.fcs,205,188,148,234,171,165,171,783,262,1347,414,308,641,
H28_NC_Time_Point_60_CD4 T cells.fcs,162,157,122,214,131,117,137,435,125,668,245,179,311,
H28_HBsAg_Time_Point_60_CD4 T cells.fcs,231,219,177,294,219,191,225,688,291,1288,435,317,539,
H29_NC_Time_Point_60_CD4 T cells.fcs,199,179,122,237,145,154,142,769,291,1127,251,237,262,
H29_HBsAg_Time_Point_60_CD4 T cells.fcs,214,185,114,259,154,168,151,1108,426,1616,351,348,368,
H30_NC_Time_Point_60_CD4 T cells.fcs,114,105,56.9,165,51.2,34.1,54.1,492,62.6,825,140,79.7,182,
H30_HBsAg_Time_Point_60_CD4 T cells.fcs,111,102,51.2,165,54.1,79.7,48.4,519,128,760,277,231,363,
H31_NC_Time_Point_60_CD4 T cells.fcs,74.0,68.3,11.4,168,51.2,54.1,51.2,277,39.8,565,102,125,62.6,
H31_HBsAg_Time_Point_60_CD4 T cells.fcs,79.7,68.3,5.69,179,59.8,71.2,56.9,380,99.6,874,225,159,294,
H32_NC_Time_Point_60_CD4 T cells.fcs,168,171,68.3,197,114,134,114,510,114,709,208,185,219,
H32_HBsAg_Time_Point_60_CD4 T cells.fcs,205,199,56.9,237,145,188,142,971,222,1515,484,394,545,
H33_NC_Time_Point_60_CD4 T cells.fcs,128,122,74.0,194,99.6,56.9,117,317,102,516,179,134,214,
H33_PC_Time_Point_60_CD4 T cells.fcs,417,314,162,760,504,340,583,981,481,1652,1114,941,1232,
H33_HBsAg_Time_Point_60_CD4 T cells.fcs,105,93.9,31.3,188,79.7,48.4,91.1,388,91.1,680,274,137,391,
H34_NC_Time_Point_60_CD4 T cells.fcs,131,114,85.4,205,71.2,82.5,62.6,603,251,1631,194,182,254,
H34_HBsAg_Time_Point_60_CD4 T cells.fcs,134,108,68.3,242,74.0,82.5,59.8,1042,466,2913,662,653,769,
H35_NC_Time_Point_60_CD4 T cells.fcs,114,102,71.2,179,59.8,37.0,65.5,429,125,674,154,120,197,
H35_HBsAg_Time_Point_60_CD4 T cells.fcs,131,114,74.0,219,76.8,51.2,85.4,718,228,1413,274,151,429,
H36_NC_Time_Point_60_CD4 T cells.fcs,11.4,5.69,-8.54,56.9,-62.6,-56.9,-68.3,191,-2.85,632,25.6,42.7,-2.85,
H36_HBsAg_Time_Point_60_CD4 T cells.fcs,99.6,93.9,76.8,159,59.8,76.8,54.1,242,111,680,148,148,142,
H38_NC_Time_Point_60_CD4 T cells.fcs,93.9,91.1,65.5,148,59.8,45.5,62.6,274,105,591,140,142,120,
H38_HBsAg_Time_Point_60_CD4 T cells.fcs,42.7,37.0,5.69,114,8.54,25.6,2.85,371,128,865,259,234,345,
H39_NC_Time_Point_60_CD4 T cells.fcs,154,145,122,217,117,157,96.8,440,142,910,288,248,345,
H39_HBsAg_Time_Point_60_CD4 T cells.fcs,148,137,108,219,111,128,99.6,574,194,1413,268,225,429,
H40_NC_Time_Point_60_CD4 T cells.fcs,117,111,88.2,168,65.5,76.8,62.6,277,111,591,168,182,154,
H40_HBsAg_Time_Point_60_CD4 T cells.fcs,122,108,71.2,205,88.2,74.0,93.9,495,248,1255,371,285,400,
H41_NC_Time_Point_60_CD4 T cells.fcs,142,134,108,222,114,99.6,122,285,117,542,165,137,245,
H41_HBsAg_Time_Point_60_CD4 T cells.fcs,134,122,93.9,214,117,122,114,342,174,559,308,305,308,
H42_NC_Time_Point_60_CD4 T cells.fcs,179,179,162,199,122,145,120,317,165,475,194,194,194,
H42_HBsAg_Time_Point_60_CD4 T cells.fcs,108,105,88.2,125,51.2,91.1,45.5,305,151,455,237,217,242,
H02_NC_Time_Point_180_CD4 T cells.fcs,194,185,148,259,165,154,168,383,182,871,179,125,328,
H02_PC_Time_Point_180_CD4 T cells.fcs,510,429,322,859,577,548,583,1080,650,2575,1064,1291,981,
H02_HBsAg_Time_Point_180_CD4 T cells.fcs,202,191,151,274,182,174,182,411,211,901,265,208,377,
H03_NC_Time_Point_180_CD4 T cells.fcs,174,157,111,202,134,174,125,760,211,1377,288,314,245,
H03_HBsAg_Time_Point_180_CD4 T cells.fcs,205,188,137,239,179,219,171,843,254,1581,277,305,257,
H04_NC_Time_Point_180_CD4 T cells.fcs,214,208,188,219,157,214,142,466,228,556,325,328,305,
H04_HBsAg_Time_Point_180_CD4 T cells.fcs,282,279,257,291,231,274,219,481,257,568,328,337,297,
H06_NC_Time_Point_180_CD4 T cells.fcs,177,168,74.0,279,108,105,111,671,74.0,1343,185,134,254,
H06_HBsAg_Time_Point_180_CD4 T cells.fcs,185,174,76.8,274,137,148,134,828,171,1645,388,380,388,
H07_NC_Time_Point_180_CD4 T cells.fcs,122,120,71.2,168,88.2,74.0,91.1,262,93.9,426,151,114,179,
H07_HBsAg_Time_Point_180_CD4 T cells.fcs,148,145,85.4,199,125,105,134,305,140,472,179,165,197,
H08_NC_Time_Point_180_CD4 T cells.fcs,165,154,125,208,108,105,108,374,140,600,128,108,168,
H08_HBsAg_Time_Point_180_CD4 T cells.fcs,179,168,134,228,134,128,134,423,177,665,125,131,108,
H10_NC_Time_Point_180_CD4 T cells.fcs,102,96.8,82.5,157,65.5,76.8,59.8,268,88.2,650,108,82.5,137,
H10_HBsAg_Time_Point_180_CD4 T cells.fcs,145,137,117,219,134,134,134,354,165,777,171,145,234,
H11_NC_Time_Point_180_CD4 T cells.fcs,174,165,125,225,137,134,137,449,165,996,179,154,248,
H11_HBsAg_Time_Point_180_CD4 T cells.fcs,199,188,142,254,182,179,185,484,217,1049,297,271,391,
H13_NC_Time_Point_180_CD4 T cells.fcs,93.9,85.4,65.5,131,56.9,68.3,54.1,265,76.8,521,102,93.9,122,
H13_HBsAg_Time_Point_180_CD4 T cells.fcs,145,134,105,191,122,128,122,406,185,783,242,222,257,
H14_NC_Time_Point_180_CD4 T cells.fcs,14.2,-2.85,-25.6,128,31.3,85.4,-14.2,417,37.0,1127,185,168,197,
H14_HBsAg_Time_Point_180_CD4 T cells.fcs,45.5,31.3,5.69,162,71.2,125,31.3,466,105,1245,251,231,299,
H17_NC_Time_Point_180_CD4 T cells.fcs,191,185,165,222,165,191,157,302,168,481,242,217,268,
H17_HBsAg_Time_Point_180_CD4 T cells.fcs,225,217,179,279,222,228,219,368,239,577,328,305,365,
H18_NC_Time_Point_180_CD4 T cells.fcs,182,177,140,291,159,120,174,440,197,609,154,185,148,
H18_HBsAg_Time_Point_180_CD4 T cells.fcs,214,205,157,322,214,165,237,452,242,597,334,285,435,
H19_NC_Time_Point_180_CD4 T cells.fcs,182,171,111,248,142,99.6,154,519,165,913,214,120,342,
H19_HBsAg_Time_Point_180_CD4 T cells.fcs,217,202,140,288,199,145,214,586,231,1033,342,251,432,
H20_NC_Time_Point_180_CD4 T cells.fcs,140,137,102,202,111,85.4,120,354,114,730,140,114,179,
H20_HBsAg_Time_Point_180_CD4 T cells.fcs,248,239,202,320,239,217,245,521,242,1042,311,251,403,
H21_NC_Time_Point_180_CD4 T cells.fcs,199,191,134,337,154,122,162,580,177,1717,234,211,291,
H21_HBsAg_Time_Point_180_CD4 T cells.fcs,214,205,142,357,188,151,202,650,217,1964,279,234,417,
H22_NC_Time_Point_180_CD4 T cells.fcs,177,174,162,251,162,157,162,340,171,801,225,225,171,
H22_HBsAg_Time_Point_180_CD4 T cells.fcs,151,145,125,231,179,111,194,411,199,739,308,148,308,
H23_NC_Time_Point_180_CD4 T cells.fcs,185,174,134,277,171,125,182,383,154,984,205,154,314,
H23_HBsAg_Time_Point_180_CD4 T cells.fcs,234,217,171,357,245,199,257,519,262,1255,340,274,521,
H24_NC_Time_Point_180_CD4 T cells.fcs,117,114,68.3,177,62.6,82.5,56.9,388,56.9,715,102,125,62.6,
H24_HBsAg_Time_Point_180_CD4 T cells.fcs,122,117,71.2,171,68.3,68.3,68.3,423,105,763,108,128,79.7,
H25_NC_Time_Point_180_CD4 T cells.fcs,140,131,99.6,197,111,102,111,274,142,524,194,188,208,
H25_HBsAg_Time_Point_180_CD4 T cells.fcs,159,142,102,248,140,142,140,363,211,662,285,274,288,
H26_NC_Time_Point_180_CD4 T cells.fcs,185,174,137,225,140,122,145,562,140,956,222,202,285,
H26_HBsAg_Time_Point_180_CD4 T cells.fcs,199,188,142,245,159,159,159,629,197,1018,254,214,380,
H28_NC_Time_Point_180_CD4 T cells.fcs,197,194,162,251,154,142,157,400,145,638,225,157,291,
H28_HBsAg_Time_Point_180_CD4 T cells.fcs,214,202,162,285,185,151,191,571,225,1033,406,302,539,
H29_NC_Time_Point_180_CD4 T cells.fcs,214,194,131,262,174,168,174,959,340,1464,248,234,259,
H29_HBsAg_Time_Point_180_CD4 T cells.fcs,231,208,140,279,194,202,191,1223,452,1757,342,285,481,
H30_NC_Time_Point_180_CD4 T cells.fcs,125,111,51.2,177,76.8,79.7,76.8,865,105,1340,177,96.8,214,
H30_PC_Time_Point_180_CD4 T cells.fcs,559,484,257,1089,721,533,751,2363,662,4159,1557,1474,1595,
H30_HBsAg_Time_Point_180_CD4 T cells.fcs,111,99.6,39.8,171,54.1,59.8,51.2,850,111,1310,188,140,214,
H31_NC_Time_Point_180_CD4 T cells.fcs,85.4,79.7,37.0,165,65.5,17.1,76.8,225,56.9,475,157,102,214,
H31_HBsAg_Time_Point_180_CD4 T cells.fcs,85.4,76.8,34.1,179,74.0,51.2,79.7,314,108,656,228,202,317,
H32_NC_Time_Point_180_CD4 T cells.fcs,177,179,71.2,205,117,120,117,548,76.8,724,171,120,202,
H32_HBsAg_Time_Point_180_CD4 T cells.fcs,197,197,74.0,225,137,140,137,916,165,1291,400,237,524,
H33_NC_Time_Point_180_CD4 T cells.fcs,125,120,62.6,182,93.9,62.6,99.6,340,91.1,527,151,79.7,191,
H33_HBsAg_Time_Point_180_CD4 T cells.fcs,120,105,42.7,188,85.4,62.6,93.9,411,79.7,662,222,134,288,
H34_NC_Time_Point_180_CD4 T cells.fcs,120,108,88.2,199,68.3,76.8,51.2,472,194,1390,199,202,171,
H34_PC_Time_Point_180_CD4 T cells.fcs,487,432,400,822,1181,1168,1187,3718,2380,5791,4657,5029,4370,
H34_HBsAg_Time_Point_180_CD4 T cells.fcs,122,108,85.4,217,74.0,85.4,59.8,629,285,2115,368,377,337,
H35_NC_Time_Point_180_CD4 T cells.fcs,199,191,168,251,179,171,182,458,185,751,231,202,262,
H35_HBsAg_Time_Point_180_CD4 T cells.fcs,68.3,51.2,19.9,142,31.3,48.4,25.6,609,154,1207,174,151,225,
H36_NC_Time_Point_180_CD4 T cells.fcs,99.6,93.9,76.8,174,31.3,28.5,31.3,222,74.0,603,128,99.6,205,
H36_HBsAg_Time_Point_180_CD4 T cells.fcs,-25.6,-34.1,-48.4,28.5,-102,-79.7,-114,177,-8.54,733,65.5,39.8,142,
H38_NC_Time_Point_180_CD4 T cells.fcs,117,114,85.4,168,76.8,59.8,79.7,331,125,559,134,105,148,
H38_HBsAg_Time_Point_180_CD4 T cells.fcs,54.1,54.1,11.4,117,11.4,5.69,14.2,406,71.2,757,148,79.7,182,
H39_NC_Time_Point_180_CD4 T cells.fcs,122,114,91.1,174,88.2,125,71.2,472,134,916,251,248,257,
H39_HBsAg_Time_Point_180_CD4 T cells.fcs,128,117,91.1,179,88.2,117,74.0,583,171,1297,322,274,461,
H40_NC_Time_Point_180_CD4 T cells.fcs,42.7,39.8,17.1,76.8,0,39.8,-8.54,211,42.7,449,25.6,28.5,17.1,
H40_HBsAg_Time_Point_180_CD4 T cells.fcs,71.2,65.5,37.0,114,25.6,62.6,19.9,320,122,697,185,219,134,
H41_NC_Time_Point_180_CD4 T cells.fcs,120,111,91.1,171,102,117,96.8,254,114,463,174,168,185,
H41_HBsAg_Time_Point_180_CD4 T cells.fcs,125,114,91.1,188,111,120,105,308,168,527,202,154,299,
H42_NC_Time_Point_180_CD4 T cells.fcs,108,111,96.8,122,39.8,54.1,37.0,274,93.9,420,125,151,117,
H42_HBsAg_Time_Point_180_CD4 T cells.fcs,85.4,82.5,68.3,102,19.9,68.3,11.4,305,111,463,214,285,159,
H02_NC_Time_Point_365_CD4 T cells.fcs,205,197,151,308,188,177,188,519,239,1262,245,162,423,
H02_HBsAg_Time_Point_365_CD4 T cells.fcs,242,225,177,348,242,199,251,612,308,1543,391,271,632,
H03_NC_Time_Point_365_CD4 T cells.fcs,197,182,131,231,145,122,151,680,271,1203,274,202,342,
H03_HBsAg_Time_Point_365_CD4 T cells.fcs,257,237,177,299,231,197,239,828,397,1546,437,371,588,
H04_NC_Time_Point_365_CD4 T cells.fcs,234,228,191,245,168,174,165,635,208,877,245,237,277,
H04_PC_Time_Point_365_CD4 T cells.fcs,559,524,380,638,461,536,455,2256,742,2892,1039,1049,974,
H04_HBsAg_Time_Point_365_CD4 T cells.fcs,259,251,211,271,199,208,199,718,254,996,302,282,328,
H06_NC_Time_Point_365_CD4 T cells.fcs,337,334,237,411,282,225,294,831,242,1945,348,259,429,
H06_HBsAg_Time_Point_365_CD4 T cells.fcs,231,225,128,302,159,99.6,174,780,239,1553,397,277,484,
H07_NC_Time_Point_365_CD4 T cells.fcs,137,131,76.8,179,99.6,88.2,102,469,128,682,205,137,277,
H07_PC_Time_Point_365_CD4 T cells.fcs,409,371,297,542,449,417,452,1149,472,1749,928,656,1021,
H07_HBsAg_Time_Point_365_CD4 T cells.fcs,208,199,131,259,179,145,185,580,217,798,288,219,374,
H08_NC_Time_Point_365_CD4 T cells.fcs,165,157,125,199,117,102,122,481,171,571,157,142,171,
H08_HBsAg_Time_Point_365_CD4 T cells.fcs,197,185,145,239,159,137,168,594,271,700,248,245,248,
H10_NC_Time_Point_365_CD4 T cells.fcs,120,111,91.1,185,88.2,82.5,88.2,360,108,795,134,108,171,
H10_HBsAg_Time_Point_365_CD4 T cells.fcs,151,142,120,219,140,122,145,383,162,834,159,120,225,
H11_NC_Time_Point_365_CD4 T cells.fcs,142,134,102,179,99.6,93.9,99.6,429,122,862,145,120,179,
H11_HBsAg_Time_Point_365_CD4 T cells.fcs,171,159,120,214,140,122,145,513,171,981,237,214,262,
H13_NC_Time_Point_365_CD4 T cells.fcs,131,128,108,182,108,108,108,277,105,621,134,131,137,
H13_HBsAg_Time_Point_365_CD4 T cells.fcs,148,140,108,219,137,137,137,394,188,877,337,305,394,
H14_NC_Time_Point_365_R_CD4 T cells.fcs,108,105,88.2,174,71.2,65.5,76.8,495,157,792,234,219,279,
H14_HBsAg_Time_Point_365_R_CD4 T cells.fcs,168,159,137,239,185,211,174,688,285,859,294,0,583,
H17_NC_Time_Point_365_CD4 T cells.fcs,154,145,128,182,134,171,120,254,125,446,237,219,285,
H17_HBsAg_Time_Point_365_CD4 T cells.fcs,191,182,157,225,199,248,188,322,219,490,374,386,360,
H18_NC_Time_Point_365_CD4 T cells.fcs,162,154,111,251,154,114,174,386,128,539,231,197,239,
H18_HBsAg_Time_Point_365_CD4 T cells.fcs,194,185,140,274,214,134,234,394,214,580,285,268,285,
H19_NC_Time_Point_365_CD4 T cells.fcs,228,211,134,291,188,125,199,659,199,1114,259,219,354,
H19_HBsAg_Time_Point_365_CD4 T cells.fcs,268,248,157,328,231,145,245,786,257,1294,386,271,539,
H20_NC_Time_Point_365_CD4 T cells.fcs,151,145,105,208,120,102,125,311,114,615,145,131,174,
H20_HBsAg_Time_Point_365_CD4 T cells.fcs,154,145,105,211,128,111,131,325,117,644,157,145,182,
H21_NC_Time_Point_365_CD4 T cells.fcs,219,211,128,363,154,131,165,533,182,1505,231,214,262,
H21_HBsAg_Time_Point_365_CD4 T cells.fcs,234,222,140,374,179,154,188,606,211,1735,228,188,325,
H22_NC_Time_Point_365_CD4 T cells.fcs,140,131,117,199,114,114,114,423,145,1281,231,231,237,
H22_HBsAg_Time_Point_365_CD4 T cells.fcs,162,151,134,237,159,165,159,536,254,1659,386,397,360,
H23_NC_Time_Point_365_CD4 T cells.fcs,188,179,134,285,188,137,199,340,154,919,165,122,239,
H23_HBsAg_Time_Point_365_CD4 T cells.fcs,211,194,145,325,219,191,234,449,191,1294,245,208,354,
H24_NC_Time_Point_365_CD4 T cells.fcs,140,134,88.2,185,93.9,117,85.4,348,91.1,777,120,137,85.4,
H24_HBsAg_Time_Point_365_CD4 T cells.fcs,108,96.8,42.7,162,45.5,76.8,34.1,397,120,853,128,134,122,
H25_NC_Time_Point_365_CD4 T cells.fcs,148,140,105,194,125,131,125,285,137,513,188,185,194,
H25_HBsAg_Time_Point_365_CD4 T cells.fcs,157,140,93.9,231,142,140,142,380,219,627,268,274,268,
H26_NC_Time_Point_365_CD4 T cells.fcs,185,174,134,211,134,108,145,583,159,1102,219,171,308,
H26_HBsAg_Time_Point_365_CD4 T cells.fcs,251,242,202,271,225,208,231,700,259,1370,328,274,406,
H28_NC_Time_Point_365_CD4 T cells.fcs,202,194,151,242,159,145,162,507,171,810,262,197,320,
H28_PC_Time_Point_365_CD4 T cells.fcs,706,536,314,1478,807,603,865,1413,606,2954,1423,1444,1417,
H28_HBsAg_Time_Point_365_CD4 T cells.fcs,248,231,174,299,228,197,234,724,297,1502,516,400,615,
H29_NC_Time_Point_365_CD4 T cells.fcs,214,191,137,251,179,165,182,837,345,1288,257,219,345,
H29_HBsAg_Time_Point_365_CD4 T cells.fcs,237,208,140,285,208,179,214,1099,458,1655,458,443,472,
H30_NC_Time_Point_365_CD4 T cells.fcs,108,99.6,37.0,171,59.8,68.3,56.9,553,79.7,950,222,191,251,
H30_HBsAg_Time_Point_365_CD4 T cells.fcs,74.0,62.6,2.85,137,37.0,62.6,28.5,600,105,1033,208,125,302,
H31_NC_Time_Point_365_CD4 T cells.fcs,99.6,91.1,22.8,182,62.6,45.5,68.3,328,79.7,603,294,302,282,
H31_HBsAg_Time_Point_365_CD4 T cells.fcs,140,131,59.8,214,117,91.1,122,400,162,724,288,268,308,
H32_NC_Time_Point_365_CD4 T cells.fcs,171,174,65.5,188,108,108,108,709,99.6,916,245,165,282,
H32_HBsAg_Time_Point_365_CD4 T cells.fcs,194,191,54.1,211,128,137,128,1505,311,1976,650,435,813,
H33_NC_Time_Point_365_CD4 T cells.fcs,125,114,42.7,179,79.7,62.6,82.5,380,91.1,583,199,131,231,
H33_HBsAg_Time_Point_365_CD4 T cells.fcs,145,131,48.4,208,102,71.2,111,437,114,674,248,202,274,
H34_NC_Time_Point_365_CD4 T cells.fcs,125,105,76.8,197,68.3,71.2,62.6,571,225,1461,259,239,351,
H34_HBsAg_Time_Point_365_CD4 T cells.fcs,171,142,105,262,105,105,102,913,432,2385,583,586,548,
H35_NC_Time_Point_365_CD4 T cells.fcs,111,93.9,59.8,171,65.5,74.0,62.6,586,125,990,188,165,219,
H35_HBsAg_Time_Point_365_CD4 T cells.fcs,120,96.8,56.9,188,65.5,82.5,62.6,910,242,1738,383,288,458,
H36_NC_Time_Point_365_CD4 T cells.fcs,11.4,2.85,-8.54,45.5,-74.0,-54.1,-85.4,188,8.54,609,17.1,25.6,-5.69,
H36_HBsAg_Time_Point_365_CD4 T cells.fcs,-39.8,-51.2,-65.5,0,-117,-76.8,-134,168,-25.6,650,59.8,79.7,25.6,
H38_NC_Time_Point_365_CD4 T cells.fcs,194,191,165,237,165,142,168,397,171,769,185,142,248,
H38_HBsAg_Time_Point_365_CD4 T cells.fcs,122,117,74.0,191,88.2,62.6,93.9,414,117,862,242,231,245,
H39_NC_Time_Point_365_CD4 T cells.fcs,140,128,108,188,88.2,108,76.8,484,179,1301,208,194,245,
H39_HBsAg_Time_Point_365_CD4 T cells.fcs,174,157,128,239,134,142,128,680,268,1823,420,388,516,
H40_NC_Time_Point_365_CD4 T cells.fcs,111,105,68.3,159,59.8,48.4,62.6,317,137,632,182,177,185,
H40_HBsAg_Time_Point_365_CD4 T cells.fcs,131,120,74.0,191,91.1,82.5,93.9,527,274,1105,414,406,440,
H41_NC_Time_Point_365_CD4 T cells.fcs,76.8,65.5,39.8,122,34.1,48.4,31.3,282,79.7,565,165,182,148,
H41_HBsAg_Time_Point_365_CD4 T cells.fcs,134,114,74.0,208,111,122,108,409,179,736,294,337,225,
H42_NC_Time_Point_365_CD4 T cells.fcs,102,105,85.4,120,54.1,71.2,54.1,231,91.1,360,140,122,162,
H42_HBsAg_Time_Point_365_CD4 T cells.fcs,93.9,91.1,68.3,111,34.1,65.5,31.3,291,142,437,217,225,188,
Mean,,,,,,,,,,,,,,
SD,,,,,,,,,,,,,,
